monthlyincome,age,engagementscore,totalworkingyears,incomeperyearworked,dailyrate,monthlyrate,overtime,yearsatcompany,distancefromhome,yearswithcurrmanager,numcompaniesworked,stockoptionlevel,percentsalaryhike,yearsincurrentrole,attrition
5993,41,2.2,8,8989.5,1102,19479,1,6,1,5,8,0,11,4,1
5130,49,2.8,10,6156.0,279,24907,0,10,8,7,1,1,23,7,0
2090,37,2.8,7,3582.8571428571427,1373,2396,1,0,2,0,6,0,15,0,1
2909,33,3.2,8,4363.5,1392,23159,1,8,3,0,1,0,11,7,0
3468,27,2.6,6,6936.0,591,16632,0,2,2,2,9,1,12,2,0
3068,32,3.2,8,4602.0,1005,11864,0,7,2,6,0,0,13,7,0
2670,59,2.2,12,2670.0,1324,9964,1,1,3,0,4,3,20,0,0
2693,30,3.0,1,32316.0,1358,13335,0,1,24,0,1,1,22,0,0
9526,38,2.8,10,11431.2,216,8787,0,9,23,8,0,0,21,7,0
5237,36,2.6,17,3696.705882352941,1299,16577,0,7,27,7,6,2,13,7,0
2426,35,2.6,6,4852.0,809,16479,0,5,16,3,0,1,13,4,0
4193,29,3.2,10,5031.6,153,12682,1,9,15,8,0,0,12,5,0
2911,31,2.6,5,6986.4,670,15170,0,5,26,3,1,1,17,2,0
2661,34,3.0,3,10644.0,1346,8758,0,2,19,2,0,1,11,2,0
2028,28,2.6,6,4056.0,103,12947,1,4,24,3,5,0,14,2,1
9980,29,2.6,10,11976.0,1389,10195,0,10,21,8,1,1,11,9,0
3298,32,2.6,7,5653.714285714285,334,15053,1,6,5,5,0,2,12,2,0
2935,22,3.2,1,35220.0,1123,7324,1,1,16,0,1,2,13,0,0
15427,53,2.6,31,5971.741935483871,1219,22021,0,25,2,7,2,0,16,8,0
3944,38,3.4,6,7888.0,371,4306,1,3,2,2,5,0,11,2,0
4011,24,2.8,5,9626.4,673,8232,0,4,11,3,0,1,18,2,0
3407,36,2.2,10,4088.4,1218,6986,0,5,9,3,7,0,23,3,1
11994,34,2.4,13,11071.384615384615,419,21293,0,12,7,11,0,0,11,6,0
1232,21,3.4,0,7213.333333333333,391,19281,0,0,15,0,1,0,14,0,0
2960,34,2.4,8,4440.0,699,17102,0,4,6,3,2,0,11,2,1
19094,53,3.0,26,8812.615384615385,1282,10735,0,14,5,8,4,1,11,13,0
3919,32,1.8,10,4702.8,1125,4681,1,10,16,7,1,0,22,2,1
6825,42,3.0,10,8190.0,691,21173,0,9,8,2,0,1,11,7,0
10248,44,2.8,24,5124.0,477,2094,0,22,7,17,3,1,14,6,0
18947,46,2.4,22,10334.727272727272,705,22822,0,2,2,1,3,0,12,2,0
2496,33,3.4,7,4278.857142857143,924,6670,0,1,2,0,4,0,11,1,0
6465,44,3.8,9,8620.0,1459,19121,1,4,10,3,2,0,13,2,0
2206,30,2.6,10,2647.2,125,16117,0,10,9,8,1,0,13,0,0
2086,39,3.6,19,1317.4736842105262,895,3335,0,1,5,0,3,1,14,0,1
2293,24,2.4,6,4586.0,813,3020,1,2,1,0,2,1,16,0,1
2645,43,3.4,6,5290.0,1273,21923,0,5,2,4,1,2,12,3,0
2683,50,2.4,3,10732.0,869,3810,1,3,3,2,1,0,14,2,1
2014,35,3.0,2,12084.0,890,9687,0,2,2,2,1,0,13,2,0
3419,36,2.6,6,6838.0,852,13072,1,1,5,0,9,1,14,1,0
5376,33,2.4,10,6451.2,1141,3193,0,5,1,3,2,2,19,3,0
1951,35,3.2,1,23412.0,464,10910,0,1,4,0,1,1,12,0,0
2341,27,3.0,1,28092.0,1240,19715,0,1,2,0,1,1,13,0,0
2293,26,2.0,1,27516.0,1357,10558,0,1,25,1,1,0,12,0,1
8726,27,3.4,9,11634.666666666666,994,2975,0,9,8,7,1,0,15,8,0
4011,30,3.4,12,4011.0,721,10781,0,12,1,7,1,0,23,8,0
19545,41,3.0,23,10197.391304347826,1360,16280,0,22,12,8,1,0,12,15,1
4568,34,2.8,10,5481.6,1065,10034,0,9,23,7,0,0,20,5,0
3022,37,2.2,8,4533.0,408,10227,0,1,19,0,4,0,21,0,0
5772,46,2.8,14,4947.428571428572,1211,20445,1,9,5,8,4,0,21,6,0
2269,35,3.8,1,27228.0,1229,4892,0,1,8,1,1,0,19,0,0
5381,48,2.6,23,2807.478260869565,626,19294,1,1,1,0,9,0,13,0,1
3441,28,2.8,2,20646.0,1434,11179,1,2,5,2,1,0,13,2,1
5454,44,2.2,9,7272.0,1488,4009,1,4,1,3,5,1,21,3,0
9884,35,2.4,10,11860.8,1097,8302,1,4,11,3,2,1,13,0,0
4157,26,2.8,5,9976.8,1443,21436,1,2,23,0,7,1,19,2,0
13458,33,2.8,15,10766.4,515,15146,1,15,1,12,1,0,12,14,0
9069,35,2.4,9,12092.0,853,11031,0,9,18,8,1,1,22,8,0
4014,35,2.6,4,12042.0,1142,16002,1,2,23,2,3,1,15,2,0
5915,31,3.4,10,7098.0,655,9528,0,7,7,7,3,1,22,7,0
5993,37,2.6,7,10273.714285714286,1115,2689,0,7,1,7,1,1,18,5,0
6162,32,2.6,9,8216.0,427,10877,1,9,1,8,1,1,22,8,0
2406,38,3.6,10,2887.2,653,5456,0,10,29,9,1,0,11,3,0
18740,50,2.6,29,7754.482758620689,989,16701,1,27,7,8,5,1,12,3,0
7637,59,2.2,28,3273.0,1435,2354,0,21,25,9,7,0,11,16,0
10096,36,2.8,17,7126.588235294118,1223,8202,0,17,8,8,1,3,13,14,0
14756,55,3.2,21,8432.0,836,19730,1,5,8,2,2,3,14,0,0
6499,36,2.4,6,12998.0,1195,22656,0,6,11,3,1,0,13,5,0
9724,45,2.4,25,4667.52,1339,18787,0,1,7,0,2,1,17,0,0
2194,35,2.4,5,5265.6,664,5868,0,3,1,2,4,1,13,2,0
3388,36,2.4,2,20328.0,318,21777,1,1,9,0,0,1,17,0,1
5473,59,2.4,20,3283.8,1225,24668,0,4,1,3,7,0,11,3,0
2703,29,3.0,6,5406.0,1328,4956,0,5,2,4,0,1,23,4,0
2501,31,2.6,1,30012.0,1082,18775,0,1,1,0,1,0,17,1,0
6220,32,2.4,10,7464.0,548,7346,0,10,1,9,1,2,17,4,0
3038,36,3.0,5,7291.2,132,22002,0,1,6,0,3,0,12,0,0
4424,31,3.4,11,4826.181818181818,746,20682,0,11,8,8,1,0,23,7,0
4312,35,2.2,16,3234.0,776,23016,0,15,1,8,0,0,14,13,0
13245,45,2.8,17,9349.411764705883,193,15067,1,0,6,0,4,0,14,0,0
13664,37,2.4,16,10248.0,397,25258,0,5,7,2,4,0,13,2,0
5021,46,2.8,16,3765.75,945,10425,1,4,5,2,8,1,22,2,0
5126,30,3.0,10,6151.2,852,15998,1,10,1,0,1,2,12,8,0
2859,35,2.2,6,5718.0,1214,26278,0,6,1,4,1,0,18,4,0
10239,55,3.0,24,5119.5,111,18092,0,1,1,0,3,1,14,0,0
5329,38,2.8,17,3761.6470588235293,573,15717,1,13,6,9,7,3,12,11,0
4325,34,2.4,5,10380.0,1153,17736,0,5,1,3,1,0,15,2,0
7260,56,2.4,37,2354.5945945945946,1400,21698,0,6,7,2,4,0,11,4,0
2322,23,2.6,3,9288.0,541,9518,0,0,2,0,3,1,13,0,0
2075,51,3.2,10,2490.0,432,18725,0,4,9,3,3,2,23,2,0
4152,30,2.6,11,4529.454545454545,288,15830,0,11,2,8,1,3,19,10,0
9619,46,3.2,9,12825.333333333334,669,13596,0,9,9,7,1,0,16,8,1
13503,40,2.6,22,7365.272727272727,530,14115,0,22,1,11,1,1,22,3,0
5441,51,3.0,11,5935.636363636364,632,8423,1,10,21,0,0,0,22,7,0
5209,30,2.2,11,5682.545454545455,1334,19760,1,11,4,7,1,3,12,8,0
10673,46,2.2,21,6098.857142857143,638,3142,1,10,1,5,2,1,13,9,0
5010,32,2.4,12,5010.0,1093,24301,0,11,6,7,1,0,16,8,0
13549,54,1.8,16,10161.75,1217,24001,0,4,2,3,9,1,12,3,0
4999,24,2.0,4,14997.0,1353,17519,0,3,3,2,0,1,21,2,0
4221,28,2.8,5,10130.4,120,8863,0,5,4,4,1,0,15,4,0
13872,58,3.0,38,4380.631578947368,682,24409,0,37,10,8,0,0,13,10,0
2042,44,2.8,17,1441.4117647058824,489,25043,0,3,23,2,4,1,12,2,0
2073,37,2.8,7,3553.714285714286,807,23648,1,3,6,2,4,0,22,2,1
2956,32,3.0,1,35472.0,827,15178,0,1,1,0,1,0,13,0,0
2926,20,3.0,1,35112.0,871,19783,1,1,6,0,1,0,18,0,1
4809,34,2.6,16,3606.75,665,12482,0,16,6,10,1,0,14,13,0
5163,37,3.4,17,3644.470588235294,1040,15850,0,1,2,0,5,1,14,0,0
18844,59,3.2,30,7537.6,1420,21922,0,3,2,2,9,1,21,2,0
18172,50,1.8,28,7788.0,1115,9755,1,8,1,7,3,0,19,3,0
5744,25,3.0,6,11488.0,240,26959,1,6,5,3,1,0,11,4,1
2889,25,3.2,2,17334.0,1280,26897,0,2,7,1,1,2,11,2,0
2871,22,3.0,1,34452.0,534,23785,0,0,15,0,1,0,15,0,0
7484,51,1.8,23,3904.695652173913,1456,25796,0,13,1,8,3,0,20,12,0
6074,34,2.4,9,8098.666666666667,658,22887,1,9,7,6,1,0,24,7,1
17328,54,3.6,23,9040.695652173914,142,13871,1,5,26,4,2,0,12,3,0
2774,24,2.8,6,5548.0,1127,13257,0,5,18,2,0,1,12,3,0
4505,34,2.6,12,4505.0,1031,15000,0,1,6,0,6,1,15,0,0
7428,37,2.8,12,7428.0,1189,14506,0,5,3,3,2,0,12,3,0
11631,34,2.6,14,9969.42857142857,1354,5615,0,11,5,8,2,0,12,10,0
9738,36,3.0,10,11685.6,1467,22952,0,9,11,8,0,1,14,7,0
2835,36,2.4,7,4860.0,922,2561,0,1,3,0,5,1,22,0,0
16959,43,3.6,25,8140.32,394,19494,1,25,26,12,1,2,12,12,0
2613,30,2.0,10,3135.6,1312,22310,0,10,23,9,1,3,25,7,0
6146,33,2.6,8,9219.0,750,15480,0,7,22,7,0,1,13,7,0
4963,56,2.2,7,8508.0,441,4510,1,5,14,3,9,3,18,4,1
19537,51,2.6,23,10193.217391304348,684,6462,0,20,6,15,7,0,13,18,0
6172,31,2.0,12,6172.0,249,20739,1,7,6,7,4,0,18,7,1
2368,26,2.4,5,5683.2,841,23300,0,5,6,3,1,0,19,4,0
10312,58,3.4,40,3093.6,147,3465,0,40,23,6,1,1,12,10,1
1675,19,3.2,0,7213.333333333333,528,26820,1,0,22,0,1,0,19,0,1
2523,22,3.2,3,10092.0,594,19299,0,2,2,1,0,1,14,1,0
6567,49,2.4,16,4925.25,470,5549,0,15,20,11,1,0,14,11,0
4739,43,3.2,18,3159.3333333333335,957,16090,0,3,28,2,4,0,12,2,0
9208,50,3.4,16,6906.0,809,6645,0,2,12,1,4,0,11,2,0
4559,31,2.4,4,13677.0,542,24788,1,2,20,2,3,1,11,2,1
8189,41,3.0,12,8189.0,802,21196,1,9,9,7,3,1,13,7,0
2942,26,3.2,8,4413.0,1355,8916,0,8,25,7,1,1,23,7,0
4941,36,2.8,7,8470.285714285714,216,2819,0,3,6,1,6,2,20,2,0
10650,51,2.6,18,7100.0,1150,25150,0,4,8,3,2,0,15,2,1
5902,39,3.2,17,4166.117647058823,1329,14590,0,15,4,9,4,1,14,11,0
8639,25,2.6,6,17278.0,959,24835,0,2,28,2,2,0,18,2,0
6347,30,3.0,12,6347.0,1240,13982,1,11,9,7,0,0,19,9,0
4200,32,2.0,10,5040.0,1033,10224,0,5,9,4,7,0,22,4,1
3452,45,2.8,9,4602.666666666667,1316,9752,0,6,29,3,5,0,13,5,0
4317,38,3.0,19,2726.5263157894738,364,2302,1,3,3,2,3,0,20,2,0
2632,30,2.4,5,6316.8,438,23910,0,5,18,4,1,0,14,4,0
4668,32,3.4,9,6224.0,689,22812,0,8,9,7,0,3,17,7,0
3204,30,3.0,8,4806.0,201,10415,0,3,5,2,5,1,14,2,0
2720,30,3.0,6,5440.0,1427,11162,0,5,2,2,0,0,13,3,0
17181,41,2.2,21,9817.714285714286,857,12888,0,7,10,7,4,1,13,6,0
2238,41,2.8,7,3836.5714285714284,933,6961,0,5,9,4,2,1,21,0,0
1483,19,2.8,1,17796.0,1181,16102,0,1,3,0,1,0,14,0,0
5605,40,2.2,20,3363.0,1395,8504,0,20,26,13,1,1,11,7,0
7295,35,2.4,10,8754.0,662,11439,0,10,1,6,1,2,13,8,0
2306,53,2.6,13,2128.6153846153848,1436,16047,1,7,6,5,2,1,20,7,0
2348,45,2.2,20,1408.8,194,10901,0,17,9,15,8,1,18,9,0
8998,32,3.2,9,11997.333333333334,967,15589,0,9,8,7,1,0,14,8,0
4319,29,2.8,10,5182.8,1496,26283,0,10,1,9,1,1,13,7,0
6132,51,2.6,10,7358.4,1169,13983,0,1,7,0,2,0,17,0,0
3346,58,2.0,9,4461.333333333333,1145,11873,1,1,9,0,4,1,20,0,0
10855,40,2.4,15,8684.0,630,8552,0,12,4,11,7,1,11,11,0
2231,34,3.2,6,4462.0,303,11314,0,4,2,2,6,1,18,3,0
2323,22,2.8,2,13938.0,1256,11992,0,2,19,2,1,2,24,2,0
2024,27,2.8,6,4048.0,691,5970,0,2,9,2,6,1,18,2,0
2713,28,2.8,5,6511.2,440,6672,0,5,21,2,1,1,11,2,0
9439,57,2.8,12,9439.0,334,23402,1,5,24,4,3,1,16,3,0
2566,27,2.8,1,30792.0,1450,25326,1,1,3,1,1,1,15,1,0
19926,50,2.6,21,11386.285714285714,1452,17053,0,5,11,4,3,0,15,4,0
2451,41,2.2,13,2262.4615384615386,465,4609,0,9,14,8,4,1,12,8,0
9419,30,3.0,12,9419.0,1339,8053,0,10,5,4,2,1,12,9,0
8686,38,2.8,12,8686.0,702,12930,0,8,1,7,4,0,22,3,0
3038,32,2.6,8,4557.0,120,12430,0,5,6,4,3,0,20,4,0
3058,27,2.8,6,6116.0,1157,13364,1,5,17,1,0,1,16,2,0
2325,19,2.0,1,27900.0,602,20989,0,0,1,0,0,0,21,0,1
2088,36,2.8,13,1927.3846153846155,1480,15062,0,8,3,2,4,0,12,7,0
3072,30,2.6,12,3072.0,111,11012,0,12,9,10,1,2,11,9,0
5006,45,2.4,9,6674.666666666667,1268,6319,1,5,4,3,4,1,11,4,0
4257,56,2.6,19,2688.6315789473683,713,13939,1,2,8,2,4,1,18,2,0
2500,33,3.0,4,7500.0,134,10515,0,3,2,2,0,0,14,1,0
1102,19,2.6,1,13224.0,303,9241,0,1,2,0,1,0,22,0,1
10453,46,2.4,24,5226.5,526,2137,0,24,1,7,1,3,25,13,0
2288,38,3.2,2,13728.0,1380,6319,0,2,9,1,1,0,12,2,0
3929,31,3.2,7,6735.428571428572,140,6984,1,4,12,2,8,1,23,2,0
2311,34,3.2,9,3081.3333333333335,629,5711,0,3,27,2,2,0,15,2,0
3140,41,2.6,4,9420.0,1356,21728,1,4,20,2,1,0,22,3,1
3690,50,2.8,5,8856.0,328,3425,0,3,1,2,2,1,15,2,0
4450,53,3.0,5,10680.0,1084,26250,0,4,13,3,1,2,11,2,0
2756,33,3.2,8,4134.0,931,4673,0,8,14,6,1,1,13,7,0
19033,40,3.0,21,10876.0,989,6499,0,20,4,9,1,1,14,8,0
18722,55,3.2,36,6240.666666666667,692,13339,0,24,14,15,8,0,11,15,0
9547,34,2.8,10,11456.4,1069,14074,0,10,2,9,1,0,17,9,0
13734,51,3.0,21,7848.0,313,7192,0,7,3,0,3,0,18,7,0
19999,52,2.4,34,7058.470588235294,699,5678,0,33,1,9,0,1,14,18,0
2279,27,3.0,7,3906.8571428571427,894,11781,0,7,9,3,1,0,16,7,0
5916,35,2.2,8,8874.0,556,15497,1,1,23,1,3,0,13,0,1
2089,43,4.0,7,3581.1428571428573,1344,5228,0,5,7,2,4,3,14,4,0
16792,45,2.8,22,9159.272727272728,1195,20462,0,20,2,8,9,1,23,8,0
3564,37,2.0,8,5346.0,290,22977,1,8,21,7,1,1,12,7,0
4425,35,2.8,10,5310.0,138,15986,0,6,2,2,5,0,11,2,0
5265,42,2.8,11,5743.636363636364,926,16439,0,5,21,2,2,1,16,3,0
6553,38,3.0,14,5616.857142857143,1261,7259,0,1,2,0,9,0,14,0,0
6261,38,2.6,9,8348.0,1084,4185,0,7,29,7,3,1,18,7,0
4298,27,2.4,6,8596.0,472,9679,0,2,1,0,5,1,19,2,0
6804,49,3.0,7,11664.0,1002,23793,1,7,18,7,1,2,15,7,0
3815,34,3.6,5,9156.0,878,5972,1,5,10,0,1,1,17,3,0
2741,40,3.4,15,2192.8,905,16523,1,7,19,7,8,1,15,2,0
6673,38,2.2,17,4710.35294117647,1180,11354,1,1,29,0,7,0,19,0,1
7639,29,3.0,10,9166.8,121,24525,0,10,27,9,1,3,22,4,1
2328,22,2.6,4,6984.0,1136,12392,1,4,5,2,1,1,16,2,0
2153,36,2.6,8,3229.5,635,7703,0,8,18,7,1,0,13,1,0
4876,40,3.0,5,11702.4,1151,14242,0,3,9,2,9,1,14,2,0
9396,46,2.8,17,6632.470588235294,644,12368,0,4,1,3,7,1,16,2,0
10400,32,2.8,14,8914.285714285714,1045,25812,0,14,4,8,1,0,11,8,1
8474,30,2.8,12,8474.0,829,20925,0,11,1,8,1,0,22,8,0
9981,27,3.4,7,17110.285714285714,1242,12916,0,7,20,7,1,0,14,7,0
12490,51,2.2,16,9367.5,1469,15736,0,10,8,7,5,2,16,9,0
2657,30,2.8,8,3985.5,1005,8556,1,5,3,4,5,0,11,2,1
13591,41,3.4,16,10193.25,896,14674,1,1,6,0,3,0,18,0,0
6696,30,2.2,9,8928.0,334,22967,0,6,26,1,5,0,15,3,1
2058,29,3.0,7,3528.0,992,19757,0,6,1,5,0,0,14,2,1
8865,45,3.4,23,4625.217391304348,1052,16840,0,19,6,8,6,0,12,7,0
5940,54,3.0,16,4455.0,1147,17011,0,6,3,5,2,1,14,2,0
5914,36,3.4,16,4435.5,1396,9945,0,13,5,7,8,0,16,11,0
2622,33,2.8,7,4494.857142857143,147,13248,0,3,4,1,6,0,21,2,0
12185,37,3.0,10,14622.0,663,10056,1,10,11,7,1,3,14,8,0
10609,38,2.4,17,7488.705882352941,119,9647,0,16,3,13,0,2,12,10,0
4345,31,2.8,6,8690.0,979,4381,0,5,1,4,0,1,12,4,0
2177,59,2.6,7,3732.0,142,8456,0,1,3,0,3,1,17,0,0
2793,37,2.8,13,2578.153846153846,319,2539,0,9,4,8,4,1,17,8,0
7918,29,3.2,11,8637.818181818182,1413,6599,0,11,1,1,1,1,14,10,0
8789,35,2.8,10,10546.8,944,9096,0,10,1,8,1,0,14,7,0
2389,29,2.8,4,7167.0,896,14961,1,4,18,1,1,0,13,3,1
3212,52,2.6,6,6424.0,1323,3300,0,2,2,2,7,0,15,2,0
19232,42,3.4,22,10490.181818181818,532,4933,0,22,4,15,1,0,11,17,0
2267,59,2.8,7,3886.285714285714,818,25657,0,2,6,2,8,0,17,2,0
19517,50,3.2,32,7318.875,854,24118,0,7,1,6,3,1,11,0,0
2436,33,2.8,8,3654.0,813,22149,1,5,14,4,5,1,13,4,1
16064,43,3.4,22,8762.181818181818,1034,7744,1,17,16,9,5,1,22,13,0
2707,33,2.0,13,2498.769230769231,465,21509,0,9,2,7,7,0,20,7,1
19068,52,2.8,33,6933.818181818182,771,21030,1,33,2,12,1,0,18,7,0
3931,32,2.4,6,7862.0,1401,20990,0,4,4,2,2,1,11,3,0
3730,32,2.8,4,11190.0,515,9571,1,3,1,2,0,0,14,2,1
2232,39,3.0,7,3826.285714285714,1431,15417,0,3,1,2,7,3,14,2,0
4465,32,2.8,4,13395.0,976,12069,0,3,26,2,0,0,18,2,0
3072,41,2.0,17,2168.470588235294,1411,19877,0,1,19,0,2,2,16,0,0
3319,40,2.4,9,4425.333333333333,1300,24447,0,9,24,7,1,2,17,8,0
19202,45,3.4,25,9216.96,252,15970,0,24,1,7,0,1,11,0,0
13675,31,2.4,9,18233.333333333332,1327,13523,0,2,3,2,9,1,12,2,0
2911,33,2.8,2,17466.0,832,14776,0,2,5,2,1,1,13,2,0
5957,34,2.4,13,5498.7692307692305,470,23687,0,11,2,9,6,1,13,9,0
3920,37,1.8,17,2767.0588235294117,1017,18697,0,3,1,2,2,1,14,1,0
6434,45,3.0,9,8578.666666666666,1199,5118,0,3,7,2,4,1,17,2,0
10048,37,2.4,17,7092.705882352941,504,22573,0,1,10,0,6,2,11,0,1
10938,39,3.2,20,6562.8,505,6420,0,19,2,8,0,0,25,6,0
2340,29,2.8,6,4680.0,665,22673,0,6,15,5,1,0,19,5,0
6545,42,3.0,10,7854.0,916,23016,1,3,17,2,3,0,13,2,0
6931,29,3.6,10,8317.2,1247,10732,0,3,20,2,2,1,14,2,0
4898,25,2.8,5,11755.2,685,7505,0,4,1,2,0,2,12,2,0
2593,42,2.6,10,3111.6,269,8007,1,9,2,8,0,1,11,6,0
19436,40,2.8,22,10601.454545454546,1416,5949,0,21,2,9,0,1,19,7,0
2723,51,2.8,1,32676.0,833,23231,0,1,1,0,1,0,11,0,0
3479,31,2.6,6,6958.0,307,11652,0,5,29,4,0,0,11,4,1
2794,32,2.4,5,6705.6,1311,26062,0,5,7,3,1,0,20,1,0
5249,38,3.4,13,4845.2307692307695,1327,19682,0,8,2,5,3,1,18,7,0
2176,32,2.8,9,2901.3333333333335,128,19737,0,6,2,4,4,0,13,2,0
16872,46,2.0,28,7230.857142857143,488,14977,1,7,2,7,3,1,12,7,0
3485,28,2.2,5,8364.0,529,14935,0,0,2,0,2,0,11,0,1
6644,29,2.0,10,7972.8,1210,3687,0,0,2,0,2,2,19,0,0
5582,31,2.6,10,6698.4,1463,14408,0,9,23,8,0,1,21,0,0
4000,25,2.8,6,8000.0,675,18384,0,6,5,5,1,2,12,3,0
13496,45,3.0,21,7712.0,1385,7501,1,20,20,10,0,0,14,7,0
3210,36,3.4,16,2407.5,1403,20251,0,15,6,11,0,1,11,13,0
19045,55,2.8,37,6176.756756756757,452,18938,1,36,1,13,0,0,14,10,0
11849,47,2.4,10,14218.8,666,10268,1,10,29,9,1,1,12,7,1
2070,28,3.4,5,4968.0,1158,2613,0,5,9,4,1,1,23,2,0
6502,37,3.2,7,11146.285714285714,228,22825,0,5,6,1,4,1,14,4,0
3230,21,2.8,3,12920.0,996,10531,0,3,3,0,1,0,17,2,0
13603,37,2.4,15,10882.4,728,11677,1,5,1,2,2,2,18,2,0
11996,35,2.4,10,14395.2,1315,19100,0,7,22,2,7,1,18,7,0
5605,38,2.4,8,8407.5,322,19191,1,8,7,7,1,1,24,0,0
6397,26,2.0,6,12794.0,1479,26767,0,6,1,4,1,1,20,5,0
19144,50,1.8,28,8204.57142857143,797,15815,0,10,4,6,3,2,14,4,0
17584,53,3.0,21,10048.0,1070,21016,1,5,3,3,3,3,16,3,0
4907,42,2.8,20,2944.2,635,24532,0,20,1,6,1,0,25,16,0
4554,29,2.4,10,5464.8,442,20260,0,10,2,9,1,0,18,7,0
5415,55,3.2,12,5415.0,147,15972,1,10,20,8,3,1,19,7,0
4741,26,2.2,5,11378.4,496,22722,1,5,11,3,1,1,13,3,0
2115,37,3.2,17,1492.9411764705883,1372,15881,0,17,1,7,1,0,12,12,0
3161,44,3.0,19,1996.421052631579,920,19920,1,1,24,0,3,1,22,0,1
5745,38,3.2,10,6894.0,688,18899,0,2,23,2,9,1,14,2,0
2373,26,2.6,5,5695.2,1449,14180,1,3,16,2,2,1,13,2,1
3310,28,3.6,5,7944.0,1117,4488,0,5,8,2,1,0,21,3,0
18665,49,2.8,22,10180.90909090909,636,25594,1,3,10,2,9,0,11,2,0
4485,36,3.0,10,5382.0,506,26285,0,8,3,7,4,0,12,0,0
2789,31,2.8,2,16734.0,444,3909,0,2,5,2,1,1,11,2,0
5828,26,3.0,8,8742.0,950,8450,1,8,4,4,1,0,12,7,1
2326,37,2.8,4,6978.0,889,11411,1,4,9,2,1,3,12,2,0
13525,42,3.2,23,7056.521739130435,555,14864,0,20,26,8,5,1,14,4,0
1420,18,3.0,0,7213.333333333333,230,25233,0,0,3,0,1,0,13,0,1
8020,35,2.6,12,8020.0,1232,5100,0,11,16,9,0,2,15,9,0
3688,36,3.6,4,11064.0,566,7122,0,1,18,0,4,2,18,0,0
5482,51,2.8,13,5060.307692307692,1302,16321,0,4,2,2,5,1,18,1,0
16015,41,2.8,22,8735.454545454546,334,15896,0,22,2,4,1,0,19,10,0
1200,18,2.6,0,7213.333333333333,812,9724,0,0,10,0,1,0,12,0,0
5661,28,2.6,9,7548.0,1476,4824,0,8,16,7,0,0,19,3,0
6929,31,2.8,10,8314.8,218,12241,0,8,7,7,4,1,11,7,0
9613,39,2.8,19,6071.368421052632,1132,10942,0,18,1,7,0,3,17,10,0
5674,36,2.6,11,6189.818181818182,1105,6927,0,9,24,8,7,1,15,8,0
5484,32,2.8,13,5062.153846153846,906,16985,0,13,7,8,1,1,14,8,0
12061,38,2.2,19,7617.473684210527,849,26707,0,10,25,1,3,1,17,8,0
5660,58,3.0,12,5660.0,390,17056,1,5,1,2,2,1,13,3,0
4821,31,3.2,6,9642.0,691,10077,1,5,5,3,0,1,12,2,0
6410,31,2.2,9,8546.666666666666,106,17822,0,2,2,0,3,0,12,2,0
5210,45,1.8,24,2605.0,1249,20308,0,24,7,11,1,1,18,9,0
2695,31,2.6,3,10780.0,192,7747,1,2,2,2,0,1,18,2,0
11878,33,2.8,12,11878.0,553,23364,0,10,5,8,6,2,11,6,0
17068,39,2.8,21,9753.142857142857,117,5355,1,21,10,10,1,0,14,9,0
2455,43,2.8,9,3273.3333333333335,185,10675,0,8,10,7,0,0,19,7,0
13964,49,3.0,25,6702.72,1091,17810,1,7,1,7,7,0,12,1,0
4941,52,2.0,11,5390.181818181818,723,17747,0,8,8,7,2,0,15,2,1
2478,27,2.4,4,7434.0,1220,20938,1,4,5,2,1,0,12,3,0
5228,32,2.8,13,4825.846153846154,588,24624,1,13,8,9,1,0,11,12,0
4478,27,2.8,5,10747.2,1377,5242,1,5,2,4,1,0,11,4,0
7547,31,3.6,13,6966.461538461538,691,7143,0,7,7,7,4,3,12,7,0
5055,32,2.8,10,6066.0,1018,10557,0,7,2,7,7,0,16,7,0
3464,28,2.4,5,8313.6,1157,24737,1,3,2,2,5,0,13,2,1
5775,30,3.6,11,6300.0,1275,11934,0,10,28,9,1,2,13,8,0
8943,31,2.4,10,10731.6,798,14034,0,10,7,9,1,1,24,9,0
19272,39,2.6,21,11012.57142857143,672,21141,0,21,7,3,1,1,15,9,0
5238,39,2.6,12,5238.0,1162,17778,1,1,3,0,4,0,18,0,1
4682,33,2.6,9,6242.666666666667,508,4317,0,7,10,1,3,0,14,7,0
18300,47,3.0,21,10457.142857142857,1482,16375,0,3,5,1,4,1,11,2,0
5257,43,2.8,9,7009.333333333333,559,6227,0,9,10,0,1,1,11,7,0
6349,27,3.0,6,12698.0,210,22107,1,5,1,4,0,1,13,4,0
4869,54,3.2,20,2921.4,928,16885,0,4,20,3,3,0,12,3,0
9985,43,2.0,10,11982.0,1001,9262,0,1,7,0,8,1,16,0,0
3697,45,3.0,12,3697.0,549,9278,0,10,8,8,9,2,14,9,0
7457,40,2.4,6,14914.0,1124,13273,1,4,1,2,2,3,22,3,0
2119,29,2.0,7,3632.5714285714284,318,4759,1,7,8,7,1,0,11,7,1
3983,29,2.8,4,11949.0,738,7621,0,3,9,2,0,0,17,2,0
6118,30,3.0,10,7341.6,570,5431,0,10,5,2,1,3,13,9,0
6214,27,2.2,8,9321.0,1130,3415,0,8,8,7,1,1,18,7,0
6347,37,3.2,8,9520.5,1192,23177,0,6,5,4,7,2,16,2,0
11510,38,2.8,12,11510.0,343,15682,1,11,15,9,0,1,14,10,0
7143,31,3.0,11,7792.363636363636,1232,25713,1,11,7,10,1,0,14,9,0
8268,29,2.4,7,14173.714285714286,144,11866,1,7,10,7,1,2,14,7,0
8095,35,3.0,17,5714.117647058823,1296,18264,0,16,5,13,0,0,13,6,0
2904,23,3.0,4,8712.0,1309,16092,0,4,26,2,1,2,12,2,0
6032,41,3.0,8,9048.0,483,10110,1,5,6,2,6,0,15,4,0
2976,47,2.4,5,7142.4,1309,25751,0,0,4,0,3,0,19,0,0
15992,42,2.6,16,11994.0,810,15901,0,1,23,0,2,0,14,0,0
4649,29,2.6,4,13947.0,746,16928,0,4,2,2,1,1,14,3,0
2696,42,3.0,4,8088.0,544,24017,1,3,2,0,0,1,11,2,0
2370,32,2.8,8,3555.0,1062,3956,0,8,2,7,1,1,13,0,0
12504,48,2.0,15,10003.2,530,23978,0,0,29,0,3,1,21,0,0
5974,37,2.4,13,5514.461538461538,1319,17001,1,7,6,7,4,2,13,7,0
4736,30,3.2,4,14208.0,641,6069,1,2,25,2,7,1,12,2,0
5296,26,2.8,8,7944.0,933,20156,0,8,1,7,1,1,17,7,0
6781,42,2.4,14,5812.285714285715,1332,17078,0,1,2,0,3,0,23,0,0
2174,21,2.2,3,8696.0,756,9150,1,3,1,2,1,0,11,2,1
6653,36,3.2,7,11405.142857142857,845,15276,0,1,1,0,4,0,15,0,0
9699,36,2.2,16,7274.25,541,7246,0,13,3,12,4,1,11,9,0
6755,57,3.2,15,5404.0,593,2967,0,3,1,2,2,0,11,2,0
2213,40,3.4,10,2655.6,1171,22495,1,7,10,7,3,1,13,7,0
2610,21,2.6,3,10440.0,895,2851,0,3,9,2,1,0,24,2,0
2851,33,3.0,1,34212.0,350,9150,1,1,5,0,1,0,13,0,1
3452,37,2.4,17,2436.705882352941,921,17663,0,5,10,3,6,1,20,4,0
5258,46,3.2,7,9013.714285714286,1144,16044,0,1,7,0,2,0,14,0,0
9355,41,2.4,8,14032.5,143,9558,0,8,4,7,1,0,18,7,1
10496,50,3.4,20,6297.6,1046,2755,0,4,10,3,6,0,15,3,0
6380,40,2.4,8,9570.0,575,6110,1,6,22,0,2,2,12,4,1
2657,31,2.8,3,10628.0,408,7551,1,2,9,2,0,0,16,2,0
2716,21,3.2,1,32592.0,156,25422,0,1,12,0,1,0,15,0,1
2201,29,3.6,6,4402.0,1283,18168,0,3,23,2,9,0,16,2,0
6540,35,2.6,10,7848.0,755,19394,0,1,9,0,9,0,19,1,0
3816,27,2.8,5,9158.4,1469,17881,0,5,1,4,1,1,11,2,0
5253,28,3.2,7,9005.142857142857,304,20750,0,7,9,7,1,0,16,5,0
10965,49,2.6,26,5060.7692307692305,1261,12066,0,5,7,0,8,0,24,2,0
4936,51,3.0,18,3290.6666666666665,1178,14862,0,7,14,7,4,1,11,7,0
2543,36,3.0,6,5086.0,329,11868,0,2,2,2,4,1,13,2,0
5304,34,2.6,9,7072.0,1362,4652,1,5,19,4,8,0,13,2,1
16659,55,3.2,30,6663.6,1311,23258,1,5,2,2,2,0,13,4,0
4260,24,3.6,5,10224.0,1371,5915,1,5,10,3,1,1,12,2,0
2476,30,2.4,1,29712.0,202,17434,0,1,2,0,1,1,18,0,0
3102,26,2.6,7,5317.714285714285,575,6582,0,6,3,4,0,0,22,4,1
2244,22,2.6,2,13464.0,253,24440,0,2,11,2,1,1,13,1,0
7596,36,2.4,10,9115.2,164,3809,0,10,2,0,1,2,13,9,0
2285,30,3.2,3,9140.0,464,3427,1,1,4,0,9,0,23,0,1
3034,37,2.6,18,2022.6666666666667,1107,26914,0,18,14,17,1,1,12,7,0
5715,40,3.0,8,8572.5,759,22553,0,5,2,3,7,2,12,4,0
2576,42,2.2,8,3864.0,201,20490,0,5,1,2,3,1,16,2,0
4197,37,2.8,18,2798.0,1305,21123,1,1,10,1,2,0,12,0,0
14336,43,2.2,25,6881.28,982,4345,0,25,12,9,1,1,11,10,0
3448,40,2.4,20,2068.8,555,13436,0,1,2,0,6,1,22,0,0
19406,54,2.0,24,9703.0,821,8509,0,4,5,2,4,1,11,2,0
6538,34,2.6,6,13076.0,1381,12740,0,3,4,2,9,1,15,2,0
4306,31,1.8,13,3974.769230769231,480,4156,0,13,7,12,1,1,12,10,0
2258,43,3.0,8,3387.0,313,15238,0,3,21,2,7,1,20,2,0
4522,43,3.2,8,6783.0,1473,2227,1,5,8,2,4,0,14,2,0
4487,25,2.6,5,10768.8,891,12090,1,5,4,3,1,0,11,4,0
4449,37,2.4,15,3559.2,1063,23866,1,13,25,7,3,2,15,11,0
2218,31,2.6,4,6654.0,329,16193,0,4,1,2,1,1,12,2,0
19197,39,2.8,21,10969.714285714286,1218,8213,1,21,1,6,1,1,14,8,0
13212,56,2.8,36,4404.0,906,18256,0,7,6,7,9,3,11,7,0
6577,30,2.6,6,13154.0,1082,19558,0,5,12,4,0,0,11,4,0
8392,41,2.6,10,10070.4,645,19566,0,10,1,7,1,1,16,7,0
4558,28,2.8,10,5469.6,1300,13535,0,10,17,8,1,1,12,0,0
4031,25,2.2,6,8062.0,688,9396,0,2,3,2,5,1,13,2,1
7969,52,3.0,28,3415.285714285714,319,19609,1,5,3,4,2,0,14,4,0
2654,45,2.8,8,3981.0,192,9655,0,2,10,2,3,2,21,2,0
16555,52,3.2,31,6408.387096774193,1490,10310,0,5,4,4,2,0,13,2,0
4556,42,2.4,19,2877.4736842105262,532,12932,0,5,29,2,2,1,11,4,0
6091,30,2.8,11,6644.727272727273,317,24793,0,5,2,2,2,0,20,4,0
19566,60,2.0,33,7114.909090909091,422,3854,0,29,7,10,5,0,11,8,0
4810,46,2.8,19,3037.8947368421054,1485,26314,0,10,18,8,2,1,14,7,0
4523,42,3.6,7,7753.714285714285,1368,4386,0,6,28,4,0,3,11,5,0
3202,24,2.2,6,6404.0,1448,21972,1,5,1,4,1,0,16,3,1
2351,34,2.8,3,9404.0,296,12253,0,2,6,0,0,1,16,2,1
1702,38,3.4,1,20424.0,1490,12106,1,1,2,0,1,1,23,0,0
18041,40,3.2,21,10309.142857142857,1398,13022,0,20,2,12,0,0,14,15,0
2886,26,2.2,3,11544.0,1349,3032,0,3,23,2,1,2,22,2,0
2097,30,2.8,9,2796.0,1400,16734,0,5,3,4,4,1,15,3,0
11935,29,2.6,10,14322.0,986,21526,0,10,3,7,1,0,18,2,0
2546,29,2.6,6,5092.0,408,18300,0,2,25,1,5,0,16,2,1
2564,19,2.8,1,30768.0,489,18437,0,1,2,0,1,0,12,0,1
8412,30,2.6,10,10094.4,1398,2890,0,9,22,8,0,0,11,8,0
14118,57,2.4,32,5294.25,210,22102,0,1,29,0,3,1,12,0,0
17046,50,2.4,28,7305.428571428572,1099,9314,0,27,29,7,0,1,15,10,0
2564,30,3.0,12,2564.0,1116,7181,0,11,2,7,0,0,14,7,0
10266,60,2.8,22,5599.636363636364,1499,2845,0,18,28,11,4,0,19,13,0
5070,47,2.8,20,3042.0,983,7389,0,5,2,4,5,3,13,0,0
17861,46,2.2,26,8243.538461538461,1009,2288,0,3,2,1,6,0,13,2,0
4230,35,2.8,6,8460.0,144,19225,0,5,22,3,0,0,15,4,0
3780,54,3.0,19,2387.3684210526317,548,23428,0,1,8,0,7,0,11,0,0
2768,34,3.0,14,2372.5714285714284,1303,8416,0,7,2,7,3,1,12,3,0
9071,46,3.0,15,7256.8,1125,11563,1,3,10,2,2,1,19,2,0
10648,31,3.2,13,9828.923076923076,1274,14394,0,13,9,8,1,1,25,8,0
13610,33,3.2,15,10888.0,1277,24619,1,7,15,7,7,0,12,6,1
3408,33,2.0,8,5112.0,587,6705,0,4,10,3,7,3,13,3,1
2983,30,2.6,4,8949.0,413,18398,0,3,7,2,0,0,14,2,0
7632,35,3.2,10,9158.4,1276,14295,1,8,16,0,4,0,12,7,0
9824,31,2.2,12,9824.0,534,22908,0,1,20,0,3,0,12,0,1
9950,34,2.4,11,10854.545454545454,988,11533,1,3,23,2,9,3,15,2,1
2093,42,3.0,8,3139.5,1474,9260,0,2,5,0,4,1,17,2,0
9980,36,3.0,10,11976.0,635,15318,0,10,10,7,1,0,14,3,0
3894,22,2.8,4,11682.0,1368,9129,0,2,4,2,5,0,16,2,1
4051,48,2.6,14,3472.285714285714,163,19658,0,9,2,7,2,1,14,7,0
16835,55,2.6,37,5460.0,1117,9873,0,10,18,7,3,0,23,9,0
6230,41,3.6,16,4672.5,267,13430,0,14,10,10,7,0,14,3,0
4717,35,2.8,15,3773.6,619,18659,0,11,1,9,9,0,11,9,0
13237,40,2.8,22,7220.181818181818,302,20364,0,20,6,13,7,0,15,6,0
3755,39,2.6,8,5632.5,443,17872,0,8,8,7,1,1,11,3,0
6582,31,3.2,10,7898.4,828,8346,1,6,2,5,4,0,13,5,0
7406,42,2.8,10,8887.2,319,6950,1,10,24,8,1,1,21,9,0
4805,45,3.0,9,6406.666666666667,561,16177,0,8,2,7,0,1,19,7,0
2741,26,2.4,8,4111.5,426,22808,1,7,17,0,0,1,11,7,1
4262,29,3.4,8,6393.0,232,22645,0,3,19,2,4,2,12,2,0
16184,33,2.8,10,19420.8,922,22578,0,6,1,5,4,1,19,1,0
11557,31,2.8,10,13868.4,688,25291,0,5,7,1,9,1,21,4,0
1878,18,2.8,0,7213.333333333333,1306,8059,1,0,5,0,1,0,14,0,1
10932,40,2.2,20,6559.2,1094,11373,0,1,28,1,3,1,15,0,0
6811,41,2.0,10,8173.2,509,2112,1,8,2,7,2,0,17,7,0
4306,26,2.2,8,6459.0,775,4267,0,0,29,0,5,2,12,0,0
4859,35,2.8,5,11661.6,195,6698,0,5,1,3,1,0,16,4,0
5337,34,3.8,10,6404.4,258,19921,0,10,21,7,1,0,12,7,0
2340,26,2.2,1,28080.0,471,23213,1,1,24,0,1,0,18,0,1
7491,37,3.4,12,7491.0,799,23848,0,6,1,2,4,0,17,5,0
10527,46,2.6,28,4511.571428571428,1034,8984,0,2,18,2,5,0,11,2,0
16595,41,2.2,22,9051.818181818182,1276,5626,0,18,2,8,7,1,16,16,0
8834,37,2.6,9,11778.666666666666,142,24666,0,9,9,7,1,1,13,5,0
5577,52,2.6,18,3718.0,956,22087,1,10,6,9,3,2,12,9,0
4707,32,3.6,6,9414.0,1474,23914,0,4,11,2,8,0,12,2,1
2400,24,3.4,3,9600.0,535,5530,0,2,24,1,0,2,13,2,0
9824,38,3.0,18,6549.333333333333,1495,22174,0,1,10,0,3,1,19,0,0
6447,37,2.2,8,9670.5,446,15701,0,6,1,3,6,1,12,5,0
19502,49,3.0,31,7549.1612903225805,1245,2125,1,31,18,9,1,1,17,9,0
2725,24,3.0,6,5450.0,691,21630,1,6,23,4,1,2,11,5,0
6272,26,2.8,6,12544.0,703,7428,0,5,28,4,1,2,20,3,0
2127,24,3.0,1,25524.0,823,9100,0,1,17,0,1,1,21,0,0
18200,50,2.4,32,6825.0,1246,7999,0,32,3,7,1,1,11,5,0
2096,25,2.8,7,3593.1428571428573,622,26376,0,7,13,6,1,0,11,4,0
2886,24,2.8,6,5772.0,1287,14168,1,6,7,2,1,1,16,3,1
2033,30,2.4,1,24396.0,448,14470,0,1,12,0,1,1,18,0,1
3622,34,3.0,6,7244.0,254,22794,1,6,1,3,1,1,13,5,0
4233,31,2.0,9,5644.0,1365,11512,0,3,13,2,2,0,17,1,1
3681,35,2.8,9,4908.0,538,14004,0,3,25,2,4,0,14,2,0
5460,31,3.4,13,5040.0,525,6219,0,7,6,7,4,2,22,7,0
2187,27,2.2,6,4374.0,798,5013,0,5,6,3,0,2,12,3,0
9602,37,3.0,17,6777.882352941177,558,3010,1,3,2,0,4,1,11,0,0
2836,20,3.2,1,34032.0,959,11757,0,1,1,0,1,0,13,0,0
4089,42,3.0,10,4906.8,622,5718,0,10,2,2,1,2,13,2,0
16627,43,2.6,21,9501.142857142857,782,2671,1,1,6,0,4,1,14,0,0
2619,38,2.6,8,3928.5,362,14561,0,0,1,0,3,0,17,0,0
5679,43,3.0,10,6814.8,1001,19627,1,8,9,7,3,1,13,7,0
15402,48,1.8,21,8801.142857142857,1236,17997,0,3,1,2,7,1,11,2,0
5985,44,2.4,10,7182.0,1112,26894,0,2,1,2,4,0,11,2,0
2579,34,3.2,8,3868.5,204,2912,1,8,14,6,1,2,18,2,0
3041,27,2.4,5,7298.4,1420,16346,0,4,2,2,0,1,11,3,1
3447,21,3.0,3,13788.0,1343,24444,0,3,22,2,1,0,11,2,0
19513,44,3.2,26,9006.0,1315,9358,1,2,3,1,4,1,12,2,0
2773,22,2.8,3,11092.0,604,12145,0,2,6,2,0,0,20,2,0
7104,33,3.2,6,14208.0,1216,20431,0,5,8,2,0,0,12,0,0
6322,32,2.8,6,12644.0,646,18089,1,6,9,5,1,1,12,4,0
2083,30,3.0,1,24996.0,160,22653,0,1,3,0,1,1,20,0,0
8381,53,3.2,18,5587.333333333333,238,7507,0,14,1,10,7,0,20,7,0
2691,34,3.0,10,3229.2,1397,7660,0,10,1,8,1,1,12,9,0
4286,45,2.4,5,10286.4,306,5630,0,1,26,0,2,2,14,1,1
2659,26,3.2,3,10636.0,991,17759,1,3,6,2,1,1,13,2,0
9434,37,3.0,10,11320.8,482,9606,0,10,3,8,1,1,15,7,0
5561,29,2.2,6,11122.0,1176,3487,0,6,3,2,1,1,14,0,0
6646,35,2.4,17,4691.294117647059,1017,19368,0,17,6,8,1,0,13,11,0
7725,33,2.8,15,6180.0,1296,5335,0,13,6,7,3,1,23,11,0
10725,54,3.0,16,8043.75,397,6729,0,9,19,1,2,1,15,7,0
8847,36,2.4,13,8166.461538461538,913,13934,1,3,9,2,2,1,11,2,0
2045,27,2.8,5,4908.0,1115,15174,0,4,3,1,0,0,13,2,0
1009,20,3.4,1,12108.0,1362,26999,1,1,10,1,1,0,11,0,1
3348,33,1.8,10,4017.6,1076,3164,1,10,3,7,1,0,11,8,1
1281,35,2.8,1,15372.0,727,16900,0,1,3,0,1,2,18,0,0
2819,23,2.2,5,6765.6,885,8544,0,3,4,2,2,1,16,2,0
4851,25,3.2,4,14553.0,810,15678,0,3,8,2,0,1,22,2,0
4028,38,2.8,8,6042.0,243,7791,0,7,7,5,0,0,20,7,0
2720,29,2.8,10,3264.0,806,18959,0,10,1,8,1,1,18,7,0
8120,48,3.0,12,8120.0,817,18597,0,2,2,2,3,0,12,2,0
4647,27,3.4,6,9294.0,1410,16673,1,6,3,4,1,2,20,5,0
4680,37,3.2,4,14040.0,1225,15232,0,1,10,0,3,0,17,0,0
3221,50,3.4,20,1932.6,1207,3297,1,20,28,8,1,3,11,8,0
8621,34,2.8,9,11494.666666666666,1442,17654,0,8,9,7,1,0,14,7,0
4577,24,2.2,4,13731.0,693,24785,0,2,3,0,9,0,14,2,1
4553,39,2.6,20,2731.8,408,20978,0,20,2,10,1,0,11,7,0
5396,32,3.4,10,6475.2,929,21703,0,10,10,8,1,0,12,7,0
6796,50,2.4,18,4530.666666666667,562,23452,1,4,8,3,3,1,14,3,1
7625,38,3.0,10,9150.0,827,19383,0,9,1,8,0,0,13,7,0
7412,27,2.8,9,9882.666666666666,608,6009,0,9,1,7,1,0,11,7,0
11159,32,3.4,10,13390.8,1018,19373,0,7,3,7,3,0,15,7,0
4960,47,3.0,20,2976.0,703,11825,0,7,14,7,2,0,12,7,0
10475,40,2.6,20,6285.0,580,23772,1,18,5,12,5,1,21,13,0
14814,53,3.2,32,5555.25,970,13514,0,5,7,3,3,0,19,1,0
19141,41,2.4,23,9986.608695652174,427,8861,0,21,10,6,3,3,15,6,0
5405,60,2.4,10,6486.0,1179,11924,0,2,16,2,8,0,14,2,0
8793,27,2.6,9,11724.0,294,4809,0,9,10,7,1,2,21,7,0
19189,41,2.8,22,10466.727272727272,314,19562,0,22,1,10,1,1,12,7,0
3875,50,3.2,4,11625.0,316,9983,0,2,8,2,7,1,15,2,0
2216,28,2.2,10,2659.2,654,3872,1,7,1,7,7,0,13,7,1
11713,36,2.0,10,14055.6,427,20335,0,8,8,5,9,1,14,7,0
7861,38,3.4,10,9433.2,168,15397,1,1,1,0,4,0,14,0,0
3708,44,2.2,9,4944.0,381,2104,0,5,24,4,2,0,14,2,0
13770,47,3.2,28,5901.428571428572,217,10225,1,22,3,13,9,2,12,2,0
5304,30,3.2,10,6364.8,501,25275,0,8,27,7,7,1,23,7,0
2642,29,3.0,1,31704.0,1396,2755,0,1,10,0,1,0,11,0,0
2759,42,3.4,7,4729.714285714285,933,20366,1,2,19,2,6,0,12,2,1
6804,43,3.2,7,11664.0,775,23683,0,2,15,2,3,1,18,2,0
6142,34,3.0,10,7370.4,970,7360,0,5,8,3,3,0,11,1,0
2500,23,2.8,5,6000.0,650,4344,0,4,9,2,1,1,14,3,0
6389,39,2.6,12,6389.0,141,18767,0,8,3,6,9,1,15,3,0
11103,56,3.0,30,4441.2,832,20420,0,10,9,1,7,0,11,7,0
2342,40,3.2,5,5620.8,804,22929,1,4,2,3,0,0,20,2,0
6811,27,1.8,9,9081.333333333334,975,23398,0,7,7,7,8,0,19,6,0
2297,29,3.2,2,13782.0,1090,17967,0,2,10,2,1,2,14,2,0
2450,53,3.6,19,1547.3684210526317,346,10919,0,2,6,2,2,0,17,2,0
5093,35,2.6,16,3819.75,1225,4761,0,1,2,0,2,1,11,0,0
5309,32,3.0,10,6370.8,430,21146,0,10,24,7,1,2,15,8,0
3057,38,2.6,6,6114.0,268,20471,1,1,2,1,6,1,13,0,0
5121,34,2.4,7,8778.857142857143,167,4187,0,0,8,0,3,1,14,0,0
16856,52,2.2,34,5949.176470588235,621,10084,0,34,3,16,1,0,11,6,0
2686,33,3.2,10,3223.2,527,5207,1,10,1,8,1,0,13,9,1
6180,25,2.8,6,12360.0,883,22807,0,6,26,4,1,0,23,5,0
6632,45,2.0,9,8842.666666666666,954,12388,0,8,2,1,0,0,13,7,0
3505,23,3.0,2,21030.0,310,19630,0,2,10,2,1,0,18,2,0
6397,47,3.2,8,9595.5,719,10339,1,5,27,3,4,0,12,4,1
6274,34,3.4,6,12548.0,304,18686,0,6,2,4,1,0,22,5,0
19859,55,3.0,24,9929.5,725,21199,1,5,2,4,5,1,13,2,1
7587,36,1.8,10,9104.4,1434,14229,0,10,8,9,1,0,15,7,0
4258,52,3.0,5,10219.2,715,26589,0,4,19,2,0,1,18,3,0
4364,26,2.0,5,10473.6,575,5288,0,2,1,0,3,1,14,2,0
4335,29,2.2,11,4729.090909090909,657,25549,0,8,27,1,4,1,12,7,0
5326,26,2.4,6,10652.0,1146,3064,0,4,8,2,6,0,17,3,1
3280,34,3.2,10,3936.0,182,13551,0,4,1,3,2,0,16,2,0
5485,54,2.6,9,7313.333333333333,376,22670,1,5,19,4,9,2,11,3,0
4342,27,3.0,5,10420.8,829,24008,0,4,8,1,0,1,19,2,0
2782,37,2.4,6,5564.0,571,19905,1,5,10,3,0,2,13,3,0
5980,38,2.6,17,4221.176470588235,240,26085,1,15,2,12,6,0,12,7,0
4381,34,2.4,6,8762.0,121,7530,0,6,2,3,1,0,11,5,0
2572,35,2.4,3,10288.0,384,20317,0,3,8,2,1,1,16,2,0
3833,30,2.8,7,6570.857142857143,921,24375,0,2,1,2,3,2,21,2,0
4244,40,3.2,8,6366.0,791,9931,0,8,2,7,1,1,24,7,0
6500,34,2.4,6,13000.0,1111,13305,0,3,8,2,5,1,17,2,0
18430,42,2.6,24,9215.0,570,16225,0,24,8,9,1,1,13,7,0
1601,23,2.8,1,19212.0,1243,3445,1,0,6,0,1,2,21,0,1
2694,24,2.6,1,32328.0,1092,26551,0,1,9,0,1,3,11,0,0
3149,52,3.0,9,4198.666666666667,1325,21821,0,5,11,4,8,1,20,2,0
17639,50,3.2,30,7055.6,691,6881,0,4,2,3,5,0,16,3,0
2319,29,2.4,1,27828.0,805,6689,1,1,1,0,1,1,11,0,1
11691,33,3.4,14,10020.857142857143,213,25995,0,13,7,7,0,0,11,9,0
5324,33,2.2,6,10648.0,118,26507,0,3,16,2,5,0,15,2,1
16752,47,3.0,26,7731.692307692308,202,12982,1,26,2,0,1,1,11,14,0
5228,36,2.4,10,6273.6,676,23361,0,9,1,5,0,1,15,7,0
2700,29,3.2,10,3240.0,1252,23779,0,10,23,7,1,1,24,7,0
19246,58,3.2,40,5773.8,286,25761,1,31,2,8,7,0,12,15,1
2506,35,3.4,7,4296.0,1258,13301,0,2,1,2,3,0,13,2,0
6062,42,3.4,8,9093.0,932,4051,1,4,1,2,9,1,13,3,0
4382,28,3.0,5,10516.8,890,16374,0,2,2,1,6,0,17,2,1
2143,36,2.6,8,3214.5,1041,25527,0,5,13,4,4,1,13,2,0
6162,32,2.8,14,5281.714285714285,859,19124,0,14,4,8,1,1,12,13,0
5094,40,2.6,10,6112.8,720,11983,0,1,16,0,6,0,14,0,0
6877,30,2.6,12,6877.0,946,20234,1,0,2,0,5,0,24,0,0
2274,45,2.8,1,27288.0,252,6153,0,1,2,0,1,0,14,0,0
4434,42,2.6,10,5320.8,933,11806,0,9,29,8,1,1,13,8,0
6288,38,1.8,13,5804.307692307692,471,4284,0,4,12,2,2,1,15,3,0
2553,34,3.0,6,5106.0,702,8306,0,5,16,3,1,0,16,2,0
7654,49,3.0,9,10205.333333333334,1184,5860,0,9,11,7,1,2,18,8,1
5160,55,3.0,12,5160.0,436,21519,0,9,2,3,4,0,16,7,1
17159,43,2.4,22,9359.454545454546,589,5200,0,4,14,0,6,1,24,1,0
12808,27,2.8,9,17077.333333333332,269,8842,1,9,5,8,1,1,16,8,0
10221,35,3.0,17,7214.823529411765,950,18869,0,8,7,6,3,0,21,5,0
4779,28,2.2,8,7168.5,760,3698,1,8,2,5,1,0,20,7,0
3737,34,2.8,4,11211.0,829,2243,0,3,3,2,0,1,19,2,0
2366,26,2.4,8,3549.0,887,20898,1,8,5,7,1,1,14,7,1
1706,27,3.2,0,7213.333333333333,443,16571,0,0,3,0,1,3,11,0,0
16307,51,2.4,29,6747.724137931034,1318,5594,0,20,26,17,2,1,14,6,0
5933,44,3.0,10,7119.6,625,5197,0,5,4,3,9,0,12,2,0
3424,25,2.2,6,6848.0,180,21632,0,4,2,1,7,0,13,3,0
4037,33,2.0,9,5382.666666666667,586,21816,0,9,1,8,1,1,22,8,0
2559,35,2.4,6,5118.0,1343,17852,0,6,27,1,1,0,11,5,0
6201,36,3.0,18,4134.0,928,2823,1,18,1,11,1,1,14,14,0
4403,32,2.8,8,6604.5,117,9250,0,5,13,3,2,1,11,2,0
3761,30,2.4,10,4513.2,1012,2373,0,5,5,3,9,1,12,4,0
10934,53,2.8,35,3748.8,661,20715,1,5,7,4,7,1,18,2,0
10761,45,2.8,18,7174.0,930,19239,1,5,9,2,4,1,12,4,0
5175,32,3.0,9,6900.0,638,22162,0,5,8,3,5,1,12,3,0
13826,52,3.0,31,5352.0,890,19028,0,9,25,0,3,0,22,8,0
6334,37,3.2,9,8445.333333333334,342,24558,0,1,16,0,4,2,19,0,0
4936,28,3.0,6,9872.0,1169,23965,0,5,8,4,1,1,13,1,0
4775,22,2.4,4,14325.0,1230,19146,0,2,1,2,6,2,22,2,0
2818,44,2.8,10,3381.6,986,5044,1,3,8,2,2,1,24,2,0
2515,42,3.2,8,3772.5,1271,9068,1,2,2,2,5,0,14,1,0
2342,36,2.0,6,4684.0,1278,8635,0,5,8,3,0,0,21,4,0
4194,25,2.8,5,10065.6,141,14363,1,5,3,3,1,0,18,3,0
10685,35,2.8,17,7542.35294117647,607,23457,1,17,9,15,1,1,20,14,0
2022,35,2.4,10,2426.4,130,16612,1,10,25,8,1,1,19,2,1
2314,32,3.2,4,6942.0,300,9148,0,3,1,2,0,1,12,0,0
4256,25,2.2,5,10214.4,583,18154,0,5,4,3,1,0,12,2,0
3580,49,2.4,7,6137.142857142857,1418,10554,0,4,1,2,2,1,16,2,0
3162,24,2.6,6,6324.0,1269,10778,0,5,4,4,0,0,17,2,0
6524,32,2.8,10,7828.8,379,8891,0,10,5,3,1,1,14,8,0
2899,38,2.6,3,11596.0,395,12102,0,2,9,2,0,1,19,2,0
5231,42,3.0,17,3692.470588235294,1265,23726,1,5,3,3,2,1,13,3,0
2356,31,3.2,8,3534.0,1222,14871,1,6,11,2,3,1,19,4,0
2800,29,2.6,5,6720.0,341,23522,1,3,1,2,6,3,19,2,1
11836,53,2.8,28,5072.571428571428,868,22789,0,2,8,2,5,1,14,0,0
10903,35,2.4,16,8177.25,672,9129,0,13,25,8,3,0,16,10,0
2973,37,3.0,10,3567.6,1231,21222,0,5,21,0,5,1,15,4,0
14275,53,3.4,33,5190.909090909091,102,20206,0,12,23,8,6,0,18,9,0
5562,43,3.0,12,5562.0,422,21782,0,5,1,2,4,1,13,2,0
4537,47,2.8,8,6805.5,249,17783,1,7,2,7,0,1,22,6,0
7642,37,2.6,10,9170.4,1252,4814,1,10,19,9,1,0,13,0,0
17924,50,2.4,31,6938.322580645161,881,4544,0,31,2,7,1,1,11,6,0
5204,39,3.2,13,4803.692307692308,1383,7790,0,5,2,4,8,2,11,4,0
2277,33,3.2,7,3903.4285714285716,1075,22650,1,4,3,3,3,1,11,3,0
2795,32,2.4,1,33540.0,374,18016,1,1,25,1,1,0,24,0,1
2532,29,2.6,8,3798.0,1086,6054,0,4,7,3,6,3,14,3,0
2559,44,2.6,8,3838.5,661,7508,1,8,9,1,1,0,13,7,0
4908,28,2.6,4,14724.0,821,24252,0,4,5,2,1,0,14,2,0
2380,58,3.2,3,9520.0,781,13384,1,1,2,0,9,1,14,0,1
4765,43,2.6,4,14295.0,177,23814,0,1,8,0,4,1,21,0,0
2044,20,2.8,2,12264.0,500,22052,0,2,2,2,1,0,13,2,1
2693,21,2.8,1,32316.0,1427,8870,0,1,18,0,1,0,19,0,1
6586,36,2.6,17,4648.941176470588,1425,4821,1,16,14,11,0,1,17,8,0
3294,47,2.6,3,13176.0,1454,13137,1,3,2,2,1,0,18,2,0
4171,22,2.6,4,12513.0,617,10022,1,3,3,2,0,1,19,2,1
2778,41,2.4,10,3333.6,1085,17725,1,7,2,0,4,1,13,7,1
2377,28,2.8,6,4754.0,995,9834,0,2,9,2,5,1,18,2,0
2404,39,2.6,8,3606.0,1122,4303,1,2,6,2,7,0,21,2,1
2318,27,2.8,1,27816.0,618,17808,0,1,4,0,1,0,19,1,0
2008,34,2.4,1,24096.0,546,6896,0,1,10,0,1,2,14,0,0
6244,42,2.4,10,7492.8,462,7824,0,5,14,3,7,0,17,4,0
2799,33,2.2,6,5598.0,1198,3339,1,3,1,2,3,0,11,2,0
10552,58,2.8,24,5276.0,1272,9255,1,6,5,4,2,1,13,0,0
2329,31,2.6,13,2149.846153846154,154,11737,0,7,7,2,3,0,15,7,0
4014,35,3.2,10,4816.8,1137,19170,1,10,21,7,1,1,25,6,0
7403,49,2.2,29,3063.310344827586,527,22477,0,26,8,7,4,1,11,9,0
2259,48,2.6,13,2085.230769230769,1469,5543,0,0,20,0,4,2,17,0,0
6932,31,3.2,9,9242.666666666666,1188,24406,0,9,20,0,1,1,13,8,0
4678,36,3.0,8,7017.0,188,23293,0,6,7,1,2,0,18,2,0
13582,38,2.6,15,10865.6,1333,16292,0,15,1,11,1,1,13,12,0
2332,32,2.6,5,5596.8,1184,3974,0,3,1,2,6,0,20,0,0
2413,25,2.6,1,28956.0,867,18798,1,1,19,0,1,3,18,0,1
9705,40,1.8,11,10587.272727272728,658,20652,0,1,10,0,2,1,12,0,0
4294,26,2.2,7,7361.142857142857,1283,11148,0,7,1,7,1,0,12,7,0
4721,41,2.8,20,2832.6,263,3119,1,18,6,17,2,0,13,13,0
2519,36,3.0,16,1889.25,938,12287,0,11,2,9,4,0,21,8,0
2121,19,2.8,1,25452.0,419,9947,1,1,21,0,1,0,13,0,1
2973,20,2.0,1,35676.0,129,13008,0,1,4,0,1,0,19,0,1
5855,31,3.0,10,7026.0,616,17369,1,9,12,5,0,2,11,7,0
3617,40,3.2,3,14468.0,1469,25063,1,1,9,0,8,1,14,1,0
6725,32,2.8,8,10087.5,498,13554,0,8,3,3,1,1,12,7,0
10325,36,2.6,16,7743.75,530,5518,1,16,3,7,1,1,11,7,1
6949,33,2.4,6,13898.0,1069,12291,0,5,1,4,0,0,14,0,0
10609,37,2.0,17,7488.705882352941,625,14922,0,14,1,7,5,0,11,1,1
4447,45,2.4,9,5929.333333333333,805,23163,0,9,4,8,1,0,12,7,0
2157,29,3.0,3,8628.0,1404,18203,0,3,20,2,1,1,15,1,0
4601,35,2.8,5,11042.4,1219,6179,0,5,18,0,1,0,16,2,0
17099,52,3.0,26,7891.846153846154,1053,13829,0,9,1,8,2,1,15,8,0
2479,58,2.8,7,4249.714285714285,289,26227,0,1,2,0,4,0,24,0,1
14852,53,3.2,22,8101.090909090909,1376,13938,0,17,2,2,6,1,13,13,0
7264,30,2.8,10,8716.8,231,9977,0,8,8,7,5,1,11,4,0
5666,38,3.0,6,11332.0,152,19899,1,5,10,3,1,0,13,3,0
7823,35,3.2,12,7823.0,882,6812,0,10,3,8,6,1,13,9,0
7880,39,3.0,9,10506.666666666666,903,2560,0,8,2,7,0,0,18,7,0
13194,40,2.8,22,7196.727272727273,1479,17071,1,1,24,0,4,0,16,0,1
5067,47,3.4,20,3040.2,1379,6759,1,19,16,7,1,0,19,10,0
5079,36,3.0,12,5079.0,1229,25952,0,7,8,7,4,2,13,7,0
2321,31,2.0,4,6963.0,335,10322,1,3,9,2,0,0,22,2,1
17444,33,3.4,10,20932.8,722,20489,0,10,17,0,1,0,11,8,0
2404,29,2.6,3,9616.0,906,11479,1,0,10,0,6,0,20,0,1
3452,33,2.6,5,8284.8,461,17241,0,3,13,2,3,0,18,2,0
2270,45,3.6,8,3405.0,974,11005,0,5,1,2,3,2,14,3,0
17399,50,3.2,32,6524.625,1126,6615,0,5,1,3,9,1,22,4,0
5488,33,2.6,6,10976.0,827,20161,1,6,1,2,1,1,13,5,0
19419,41,2.6,21,11096.57142857143,840,3735,0,18,9,11,2,1,17,16,0
2811,27,2.6,4,8433.0,1134,12086,0,2,16,2,9,1,14,2,0
3633,45,2.8,9,4844.0,248,14039,1,9,23,8,1,1,15,8,0
4163,47,3.4,9,5550.666666666667,955,8571,1,9,4,7,1,0,17,0,0
2132,30,2.4,7,3654.8571428571427,138,11539,1,5,22,1,4,0,11,2,1
13973,50,3.4,22,7621.636363636364,939,4161,1,12,24,5,3,1,18,11,0
2684,38,2.6,3,10736.0,1391,12127,0,2,10,2,0,1,17,1,0
10845,46,3.0,13,10010.76923076923,566,24208,0,8,7,7,6,1,13,7,0
4377,24,2.8,5,10504.8,1206,24117,0,4,17,2,1,2,15,2,0
3743,35,2.4,5,8983.2,622,10074,1,4,14,2,1,1,24,2,1
4148,31,2.6,4,12444.0,853,11275,0,4,1,3,1,1,12,3,0
1051,18,3.2,0,7213.333333333333,287,13493,0,0,5,0,1,0,15,0,0
10739,54,3.0,22,5857.636363636364,1441,13943,0,10,17,8,8,1,11,7,0
10388,35,2.8,16,7791.0,583,6975,1,16,25,1,1,1,11,10,0
11416,30,2.4,9,15221.333333333334,153,17802,1,8,8,7,0,3,12,7,0
2600,20,2.2,1,31200.0,1097,18275,1,1,11,0,1,0,15,0,1
2422,30,2.2,4,7266.0,109,25725,0,3,5,2,0,0,17,2,1
5472,26,3.4,8,8208.0,1066,3334,0,8,2,3,1,0,12,7,0
2451,22,1.4,4,7353.0,217,6881,0,4,8,1,1,1,15,3,0
4240,48,2.6,19,2677.8947368421054,277,13119,0,2,6,2,2,0,13,2,0
10999,48,2.6,27,4888.444444444444,1355,22245,0,15,4,8,7,0,14,11,0
5003,41,3.0,8,7504.5,549,23371,0,2,7,1,6,0,14,2,0
12742,39,3.2,21,7281.142857142857,466,7060,0,21,1,8,1,1,16,6,0
4227,27,2.6,4,12681.0,1055,4658,0,3,2,2,0,1,18,2,0
3917,35,2.4,3,15668.0,802,9541,0,3,10,2,1,1,20,2,0
18303,42,3.2,21,10458.857142857143,265,7770,0,1,5,0,6,0,13,0,0
2380,50,2.6,8,3570.0,804,20165,0,1,9,0,4,0,18,0,0
13726,59,2.6,30,5490.4,715,21829,1,5,2,3,3,0,13,3,0
4777,37,1.2,15,3821.6,1141,14382,0,1,11,0,5,0,15,0,1
6385,55,3.0,17,4507.058823529412,135,12992,1,8,18,7,3,2,14,7,0
19973,41,2.2,21,11413.142857142857,247,20284,0,21,7,10,1,2,22,16,0
6861,38,3.0,19,4333.263157894737,1035,4981,1,1,3,0,8,0,12,0,0
4969,26,2.2,7,8518.285714285714,265,21813,0,2,29,2,8,0,18,2,1
19845,52,2.6,33,7216.363636363636,266,25846,0,32,2,9,1,1,15,14,1
13320,44,3.6,23,6949.565217391304,1448,11737,1,12,28,11,3,1,18,11,0
6347,50,2.8,19,4008.6315789473683,145,24920,0,18,1,13,0,1,12,7,0
2743,36,2.8,18,1828.6666666666667,885,8269,0,17,16,14,1,0,16,13,1
10880,39,2.8,21,6217.142857142857,945,5083,1,21,22,8,1,0,13,6,0
2342,33,2.8,3,9368.0,1038,21437,0,2,8,2,0,0,19,2,0
17650,45,3.4,26,8146.153846153846,1234,5404,0,9,11,1,3,1,13,3,0
4025,32,3.0,10,4830.0,1109,11135,0,8,29,7,9,0,12,7,0
9725,34,3.2,16,7293.75,216,12278,0,15,1,9,0,1,11,1,0
11904,59,2.6,14,10203.42857142857,1089,11038,1,6,1,4,3,1,14,4,0
2177,45,2.2,6,4354.0,788,8318,0,6,24,4,1,0,16,3,0
7525,53,2.2,30,3010.0,124,23537,0,15,2,12,2,1,12,7,0
4834,36,2.2,9,6445.333333333333,660,7858,0,1,15,0,7,1,14,0,1
2042,26,2.0,6,4084.0,342,15346,1,3,2,2,6,1,14,2,1
2220,34,3.2,1,26640.0,1333,18410,1,1,10,0,1,1,19,1,0
1052,28,2.8,1,12624.0,1144,23384,0,1,10,0,1,0,22,0,0
2821,38,2.6,8,4231.5,1186,2997,0,2,3,2,3,1,16,2,0
19237,50,2.8,29,7960.137931034483,1464,12853,1,8,2,7,2,1,11,1,0
4107,37,2.4,8,6160.5,124,13848,0,4,3,1,3,0,15,3,0
8396,40,2.2,8,12594.0,300,22217,0,7,26,5,1,1,14,7,0
2007,26,2.4,5,4816.8,921,25265,0,5,1,3,1,2,13,3,0
19627,46,3.6,23,10240.173913043478,430,21445,0,2,1,2,9,2,17,2,0
10686,54,2.6,13,9864.0,1082,8392,0,9,2,0,6,1,11,4,0
2942,56,2.4,18,1961.3333333333333,1240,12154,0,5,9,3,2,1,19,4,0
8858,36,2.8,15,7086.4,796,15669,0,14,12,8,0,0,11,8,0
16756,55,2.4,31,6486.193548387097,444,17323,0,9,2,2,7,0,15,7,0
10798,43,3.0,18,7198.666666666667,415,5268,0,1,25,0,5,1,13,0,0
2323,20,3.2,2,13938.0,769,17205,1,2,9,2,1,0,14,2,1
1416,21,1.8,1,16992.0,1334,17258,0,1,10,0,1,0,13,0,1
4615,46,2.2,19,2914.7368421052633,1003,21029,1,16,8,7,8,3,23,13,0
2461,51,2.8,18,1640.6666666666667,1323,10332,1,10,4,7,9,3,12,0,1
8722,28,1.6,10,10466.4,1366,12355,0,10,24,9,1,0,12,7,1
3955,26,1.6,6,7910.0,192,11141,0,5,1,3,1,2,16,3,0
9957,30,2.4,7,17069.14285714286,1176,9096,0,6,20,2,0,1,15,2,0
3376,41,3.0,10,4051.2,509,18863,0,10,7,8,1,0,13,6,0
8823,38,2.2,20,5293.8,330,24608,0,19,17,9,0,1,18,9,0
10322,40,3.0,14,8847.42857142857,1492,26542,0,11,20,1,4,1,20,10,0
4621,27,2.4,3,18484.0,1277,5869,0,3,8,2,1,3,19,2,0
10976,55,2.8,23,5726.608695652174,1091,15813,0,3,2,2,3,1,18,2,0
3660,28,3.4,10,4392.0,857,7909,0,8,10,7,3,0,13,7,0
10482,44,2.4,24,5241.0,1376,2326,0,20,1,6,9,1,14,6,1
7119,33,3.2,9,9492.0,654,21214,0,3,5,2,4,1,15,2,0
9582,35,2.4,9,12776.0,1204,10333,1,8,4,7,0,0,22,7,1
4508,33,2.2,14,3864.0,827,3129,0,13,29,8,1,0,22,7,1
2207,28,2.6,4,6621.0,895,22482,0,4,15,2,1,1,16,2,0
7756,34,2.6,7,13296.0,618,22266,0,6,3,4,0,0,17,2,0
6694,37,3.2,8,10041.0,309,24223,1,1,10,0,2,3,14,0,0
3691,25,3.4,7,6327.428571428572,1219,4605,1,7,4,6,1,1,15,7,1
2377,26,2.4,1,28524.0,1330,19373,0,1,21,0,1,1,20,1,1
2313,33,2.0,5,5551.2,1017,2993,1,2,25,2,4,0,20,2,1
17665,42,3.0,23,9216.521739130434,469,14399,0,22,2,7,0,1,17,6,0
2596,28,1.8,1,31152.0,1009,7160,0,1,1,0,1,2,15,0,1
4728,50,3.4,5,11347.2,959,17251,1,0,1,0,3,0,14,0,1
4302,33,3.0,4,12906.0,970,13401,0,3,7,2,0,1,17,2,0
2979,34,3.2,6,5958.0,697,22478,0,0,3,0,3,3,17,0,0
16885,48,2.8,27,7504.444444444444,1262,16154,0,5,1,1,2,0,22,4,0
5593,45,2.8,15,4474.4,1050,17970,0,15,9,12,1,1,13,10,0
10445,52,2.8,18,6963.333333333333,994,15322,0,8,7,0,7,0,19,6,0
8740,38,2.6,9,11653.333333333334,770,5569,1,8,10,7,0,2,14,7,0
2514,29,2.8,11,2742.5454545454545,1107,26968,0,7,28,7,4,1,22,5,0
7655,28,2.6,10,9186.0,950,8039,0,9,3,7,0,3,17,7,0
17465,46,2.8,23,9112.173913043478,406,15596,0,12,3,9,3,1,12,9,0
7351,38,3.0,10,8821.2,130,20619,0,1,2,0,7,0,16,0,0
10820,43,2.6,18,7213.333333333333,1082,11535,0,8,27,1,8,1,11,7,0
12169,39,3.0,21,6953.714285714285,203,13547,0,18,2,5,7,3,11,7,1
19626,40,2.6,21,11214.857142857143,1308,17544,0,20,14,9,1,0,14,7,0
2070,21,3.0,2,12420.0,984,25326,1,2,1,2,1,0,11,2,0
6782,39,2.6,9,9042.666666666666,439,8770,0,5,9,3,9,0,15,4,0
7779,36,2.4,18,5186.0,217,23238,0,11,18,9,2,0,20,9,0
2791,31,3.0,3,11164.0,793,21981,0,2,20,2,0,1,12,2,0
3201,28,1.4,6,6402.0,1451,19911,0,5,2,4,0,0,17,3,0
4968,35,3.6,5,11923.2,1182,18500,0,5,11,2,1,1,11,2,0
13120,49,2.6,22,7156.363636363636,174,11879,0,9,8,3,6,1,17,8,0
4033,34,3.2,5,9679.2,1003,15834,0,3,2,2,2,0,11,2,0
3291,29,3.0,8,4936.5,490,17940,0,7,10,1,0,2,14,5,0
4272,42,2.2,16,3204.0,188,9558,0,1,29,0,4,0,19,0,0
5056,29,2.6,10,6067.2,718,17689,1,10,8,2,1,1,15,7,0
2844,38,3.6,7,4875.428571428572,433,6004,0,7,1,0,1,1,13,6,0
2703,28,3.0,3,10812.0,773,22088,1,3,6,2,1,1,14,1,0
1904,18,3.2,0,7213.333333333333,247,13556,0,0,8,0,1,0,12,0,1
8224,33,1.8,6,16448.0,603,18385,1,5,9,3,0,0,17,2,1
4766,41,2.6,6,9532.0,167,9051,1,1,12,0,3,1,11,0,0
2610,31,2.8,2,15660.0,874,6233,0,2,15,2,1,1,12,2,1
5731,37,3.0,9,7641.333333333333,367,17171,0,6,25,3,7,2,13,2,0
2539,27,3.0,4,7617.0,199,7950,0,4,6,2,1,1,13,2,0
5714,34,2.2,6,11428.0,1400,5829,0,6,9,3,1,0,20,5,0
4323,35,2.4,6,8646.0,528,7108,0,5,8,4,1,0,17,4,0
7336,29,1.8,11,8002.909090909091,408,11162,0,11,23,10,1,1,13,8,1
13499,40,2.6,20,8099.4,593,13782,0,18,9,13,9,0,17,7,0
13758,42,2.2,22,7504.363636363636,481,2447,1,21,12,14,0,0,12,9,1
5155,42,2.8,9,6873.333333333333,647,2253,0,6,4,5,7,0,13,4,0
2258,35,2.8,10,2709.6,982,16340,0,8,1,7,6,1,12,0,0
3597,24,3.2,6,7194.0,477,6409,0,4,24,2,8,0,22,3,0
2515,28,3.2,1,30180.0,1485,22955,1,1,12,0,1,0,11,1,1
4420,26,2.8,8,6630.0,1384,13421,0,8,3,7,1,1,22,7,0
6578,30,2.4,10,7893.6,852,2706,0,10,10,4,1,1,18,3,0
4422,40,2.8,16,3316.5,902,21203,1,1,26,0,3,1,13,1,0
10274,35,2.6,15,8219.2,819,19588,0,7,2,4,2,1,18,7,0
5343,34,2.6,14,4579.714285714285,669,25755,0,13,1,9,0,0,20,9,0
2376,35,3.2,2,14256.0,636,26537,0,2,4,2,1,1,13,2,0
5346,43,1.8,7,9164.57142857143,1372,9489,0,4,9,3,8,0,13,3,1
2827,32,2.6,1,33924.0,862,14947,0,1,2,0,1,3,12,0,0
19943,56,3.0,28,8547.0,718,18575,0,5,4,2,4,1,13,2,0
3131,29,2.6,10,3757.2,1401,26342,0,10,6,8,1,1,13,8,0
2552,19,2.6,1,30624.0,645,7172,0,1,9,0,1,0,25,1,0
4477,45,2.4,7,7674.857142857143,1457,20100,1,3,7,2,4,1,19,2,0
6474,37,2.8,14,5549.142857142857,977,9961,0,14,1,11,1,1,13,8,0
3033,20,1.8,2,18198.0,805,12828,0,2,3,2,1,0,12,2,0
2936,44,3.0,6,5872.0,1097,10826,1,6,10,2,1,0,11,4,1
18606,53,3.0,26,8587.384615384615,1223,18640,0,7,7,7,3,1,18,7,0
2168,29,2.0,6,4336.0,942,26933,1,5,15,3,0,1,18,4,0
2853,22,2.8,1,34236.0,1256,4223,1,0,3,0,0,1,11,0,1
17048,46,2.2,28,7306.285714285715,1402,24097,0,26,2,9,8,0,23,15,0
2290,44,3.0,6,4580.0,111,4279,0,0,17,0,2,0,13,0,0
3600,33,3.0,5,8640.0,147,8429,0,5,2,4,1,1,13,4,0
2107,41,1.2,5,5056.8,906,20293,0,1,5,0,6,1,17,0,1
4115,30,2.6,8,6172.5,1329,13192,0,4,29,3,8,3,19,3,0
4327,40,2.8,5,10384.8,1184,25440,0,0,2,0,5,3,12,0,0
17856,50,2.8,32,6696.0,1421,9490,0,2,2,2,2,1,22,2,0
3196,28,2.6,6,6392.0,1179,12449,0,6,19,3,1,3,12,5,0
19081,46,2.6,25,9158.88,1450,10849,0,4,15,3,5,1,11,2,0
8966,35,2.8,15,7172.8,1361,21026,1,7,17,7,3,3,15,7,0
2210,24,2.2,1,26520.0,984,3372,0,1,17,0,1,1,13,0,1
4539,33,2.2,10,5446.8,1146,4905,0,10,25,1,1,1,12,7,0
2741,36,2.6,7,4698.857142857143,917,6865,0,7,6,7,1,1,14,7,0
3491,30,2.4,10,4189.2,853,11309,0,10,7,9,1,3,13,7,0
4541,44,3.2,20,2724.6,200,7744,0,20,29,17,1,0,25,11,0
2678,20,3.6,2,16068.0,654,5050,0,2,21,2,1,0,17,1,0
7379,46,3.2,12,7379.0,150,17433,0,6,2,4,2,1,11,3,0
6272,42,2.8,10,7526.4,179,12858,0,4,2,3,7,1,16,3,0
5220,60,3.0,12,5220.0,696,10893,1,11,7,9,0,1,18,7,0
2743,32,2.6,2,16458.0,116,7331,0,2,13,2,1,1,20,2,0
4998,32,3.4,10,5997.6,1316,2338,1,8,2,7,4,0,14,7,0
10252,36,2.2,17,7236.705882352941,363,4235,1,7,1,7,2,1,21,7,0
2781,33,2.6,15,2224.8,117,6311,0,14,9,10,0,1,13,10,0
6852,40,2.4,7,11746.285714285714,107,11591,0,5,10,3,7,1,12,1,0
4950,25,3.0,5,11880.0,1356,20623,0,4,10,1,0,0,14,3,0
3579,30,2.6,12,3579.0,1465,9369,1,11,1,7,0,1,21,9,0
13191,42,2.2,20,7914.6,458,23281,1,1,26,0,3,0,17,0,0
10377,35,2.6,16,7782.75,1212,13755,1,13,8,12,4,1,11,2,0
2235,27,2.2,9,2980.0,1103,14377,1,9,14,8,1,2,14,7,0
10502,54,2.4,33,3818.909090909091,966,9659,0,5,1,4,7,1,17,4,0
2011,44,3.2,10,2413.2,1117,19982,0,10,2,7,1,1,13,5,0
1859,19,2.2,1,22308.0,504,6148,1,1,10,0,1,0,25,1,1
3760,29,2.4,3,15040.0,1010,5598,0,3,1,2,1,3,15,2,0
17779,54,3.0,36,5926.333333333333,685,23474,0,10,3,9,3,0,14,9,0
6833,31,2.6,6,13666.0,1332,17089,1,6,11,1,1,0,12,5,0
6812,31,2.2,10,8174.4,1062,17198,0,10,24,8,1,0,19,9,0
5171,59,3.2,13,4773.2307692307695,326,16490,0,6,3,5,5,0,17,1,0
19740,43,2.6,25,9475.2,920,18625,0,8,3,7,3,1,14,7,0
18711,49,2.6,23,9762.260869565218,1098,12124,0,1,4,0,2,1,13,0,0
3692,36,2.6,12,3692.0,469,9256,0,11,3,7,1,0,12,10,0
2559,48,3.0,7,4386.857142857143,969,16620,0,1,2,0,5,0,11,0,0
2517,27,2.4,5,6040.8,1167,3208,0,5,4,3,1,3,11,3,0
6623,29,3.0,6,13246.0,1329,4204,1,6,7,0,1,2,11,0,0
18265,48,3.4,25,8767.2,715,8733,0,1,1,0,6,0,12,0,0
16124,29,2.8,9,21498.666666666668,694,3423,0,7,1,7,3,2,14,7,0
2585,34,3.2,2,15510.0,1320,21643,0,1,20,0,0,0,17,0,0
18213,44,2.6,26,8406.0,1099,8751,0,22,5,10,7,1,11,9,0
8380,33,3.6,10,10056.0,536,21708,1,9,10,8,0,2,14,8,0
2994,19,3.4,1,35928.0,265,21221,1,1,25,1,1,0,12,0,0
1223,23,3.4,1,14676.0,373,16901,0,1,1,1,1,1,22,0,0
1118,25,3.0,1,13416.0,599,8040,1,1,24,0,1,0,14,0,1
2875,26,2.8,8,4312.5,583,9973,1,8,4,2,1,0,20,5,0
18824,45,1.6,26,8688.0,1449,2493,1,24,2,11,2,0,16,10,1
13577,55,3.0,34,4791.882352941177,177,25592,1,33,8,0,1,1,15,9,0
2625,21,2.0,2,15750.0,251,25308,0,2,10,2,1,0,20,2,1
18789,46,2.8,26,8671.846153846154,168,9946,0,11,4,8,2,1,14,4,0
4538,34,2.8,4,13614.0,131,6039,1,3,2,2,0,0,12,2,0
19847,51,2.4,31,7682.709677419355,237,19196,1,29,9,10,4,1,24,10,0
10512,59,3.4,25,5045.76,1429,20002,0,9,18,4,6,0,12,7,0
4444,34,3.0,15,3555.2,135,22534,0,11,19,10,4,2,13,8,0
2154,28,3.0,5,5169.6,791,6842,1,4,1,2,0,0,11,2,0
19190,44,2.8,26,8856.923076923076,1199,17477,0,25,4,13,1,2,14,9,0
4490,34,3.0,14,3848.5714285714284,648,21833,0,10,11,8,4,2,11,9,0
3506,35,3.2,4,10518.0,735,6020,1,3,6,2,0,0,14,2,0
2372,42,3.0,18,1581.3333333333333,603,5628,1,1,7,0,6,0,16,0,0
10231,43,3.6,23,5337.913043478261,531,20364,0,21,4,17,3,0,14,7,0
5410,36,3.0,18,3606.6666666666665,429,2323,1,16,2,12,9,0,11,14,0
7978,44,3.0,10,9573.6,621,14075,0,10,15,5,1,1,11,7,1
3867,28,3.0,2,23202.0,193,14222,1,2,2,2,1,1,12,2,0
2838,51,2.2,8,4257.0,968,4257,0,7,6,7,0,0,14,0,0
4695,30,3.0,10,5634.0,879,12858,1,8,9,7,7,0,18,4,0
3339,29,2.4,10,4006.8,806,17285,1,7,7,7,3,2,13,7,1
2080,28,2.4,5,4992.0,640,4732,0,3,1,2,2,0,11,2,0
2096,25,3.0,2,12576.0,266,18830,0,2,1,1,1,0,18,2,0
6209,32,3.6,10,7450.8,604,11693,0,10,8,8,1,2,15,7,0
18061,45,2.6,22,9851.454545454546,364,13035,0,0,25,0,3,0,22,0,0
17123,39,2.8,21,9784.57142857143,412,17334,1,19,13,2,6,2,13,9,0
2372,58,2.8,2,14232.0,848,26076,0,2,23,2,1,2,12,2,0
4883,32,2.8,10,5859.6,1089,22845,0,10,7,1,1,1,18,4,1
3904,39,2.2,6,7808.0,360,22154,0,5,23,3,0,0,13,2,1
4627,30,2.2,10,5552.4,1138,23631,0,9,6,7,0,1,12,2,0
7094,36,2.8,10,8512.8,325,5747,0,7,10,7,3,0,12,7,0
3423,46,3.0,10,4107.6,991,22957,0,7,1,7,6,0,12,6,0
6674,28,2.4,10,8008.8,1476,16392,0,9,1,5,0,3,11,8,0
16880,50,2.6,25,8102.4,1322,22422,1,3,28,2,4,0,11,2,0
9094,40,2.8,9,12125.333333333334,299,17235,1,5,25,0,2,0,12,4,1
8446,52,2.4,10,10135.2,1030,21534,1,8,5,7,9,0,19,7,1
11916,30,2.6,9,15888.0,634,25927,1,9,17,8,1,2,23,1,0
4534,39,2.2,9,6045.333333333333,524,13352,0,8,18,7,0,0,11,7,0
9852,31,2.6,10,11822.4,587,8935,1,10,2,6,1,1,19,8,0
6151,41,2.0,19,3884.842105263158,256,22074,0,19,10,9,1,0,13,2,0
2302,31,2.8,3,9208.0,1060,8319,1,3,1,2,1,0,11,2,1
2362,44,2.4,10,2834.4,935,14669,0,3,3,2,4,0,12,2,1
17861,42,3.0,21,10206.285714285714,495,26582,1,20,2,10,0,0,13,8,0
19187,55,3.0,23,10010.608695652174,282,6992,0,19,2,11,4,1,14,9,0
19717,56,2.6,36,6572.333333333333,206,4022,0,7,8,7,6,0,14,3,0
3544,40,2.8,6,7088.0,458,8532,0,4,16,0,9,1,16,2,0
8500,34,3.4,10,10200.0,943,5494,0,9,9,6,0,1,11,7,0
4661,40,3.2,9,6214.666666666667,523,22455,0,9,2,8,1,0,13,8,0
4103,41,2.8,10,4923.6,1018,4297,0,9,1,7,0,1,17,3,0
4249,35,2.8,9,5665.333333333333,482,2690,1,9,4,1,1,0,11,6,0
14026,51,2.6,33,5100.363636363636,770,17588,1,33,5,10,1,1,11,9,0
6893,38,2.6,11,7519.636363636364,1009,19461,0,7,2,7,3,1,15,7,0
6125,34,3.0,10,7350.0,507,23553,0,10,15,6,1,0,12,8,0
3669,25,3.2,7,6289.714285714285,882,9075,0,3,19,2,3,3,11,2,0
10008,58,2.4,31,3874.064516129032,601,12023,1,10,7,9,7,0,14,9,1
2387,40,2.6,7,4092.0,329,6762,0,4,1,3,3,1,22,2,0
4639,36,2.4,17,3274.5882352941176,607,2261,0,15,7,13,2,1,16,7,0
7898,48,3.4,11,8616.0,855,18706,0,10,4,8,1,0,11,9,0
2534,27,3.2,5,6081.6,1291,6527,0,1,11,0,8,1,14,0,0
13142,51,2.4,29,5438.068965517241,1405,24439,0,5,11,3,3,0,16,2,0
1611,18,3.6,0,7213.333333333333,1124,19305,0,0,1,0,1,0,15,0,0
5363,35,3.0,10,6435.6,817,10846,0,9,1,0,0,1,12,7,0
5071,27,2.8,8,7606.5,793,20392,0,6,2,0,3,0,20,2,0
13695,55,2.6,24,6847.5,267,9277,1,19,13,8,6,0,17,7,1
13402,56,2.6,33,4873.454545454545,1369,18235,1,19,23,9,4,1,12,16,0
2029,34,2.4,5,4869.6,999,15891,0,5,26,0,1,3,20,4,0
6377,40,2.8,15,5101.6,1202,13888,0,12,2,8,5,3,20,11,0
5429,34,2.4,10,6514.8,285,17491,0,8,29,7,4,2,13,7,0
2785,31,3.2,3,11140.0,703,11882,0,1,2,0,7,0,14,0,1
4614,35,3.0,5,11073.6,662,23288,1,4,18,2,0,1,18,2,1
2610,38,3.6,4,7830.0,693,15748,0,4,7,3,1,3,11,2,0
6687,34,3.6,14,5731.714285714285,404,6163,0,14,2,11,1,0,11,11,0
4724,28,2.4,5,11337.6,736,24232,0,5,26,4,1,1,11,3,0
6179,31,3.2,10,7414.8,330,21057,1,10,22,7,1,2,15,2,1
6120,39,3.0,8,9180.0,1498,3567,1,5,21,4,3,2,12,4,0
10596,51,2.4,14,9082.285714285714,541,15395,0,4,2,2,2,0,11,2,0
5467,41,2.8,12,5467.0,1200,13953,1,6,22,3,3,2,14,2,0
2996,37,3.2,8,4494.0,1439,5182,1,6,4,3,7,0,15,4,0
9998,33,2.8,8,14997.0,1111,19293,0,5,5,2,6,0,13,4,0
4078,32,2.2,4,12234.0,499,20497,1,3,2,2,0,3,13,2,0
10920,39,2.8,13,10080.0,1485,3449,0,6,25,5,3,1,21,4,0
6232,25,2.4,6,12464.0,1372,12477,0,3,18,2,2,0,11,2,0
13247,52,3.0,24,6623.5,322,9731,1,5,28,2,2,1,11,3,0
4081,43,1.6,20,2448.6,930,20003,1,20,6,8,1,0,14,7,0
5769,27,3.4,6,11538.0,205,7100,1,6,10,4,1,0,11,2,0
2394,27,3.4,8,3591.0,135,25681,1,8,17,7,1,0,13,2,1
3904,26,2.8,5,9369.6,683,4050,0,4,2,1,0,0,12,3,0
16799,42,2.6,21,9599.42857142857,1147,16616,0,20,10,9,0,1,14,7,0
2950,52,2.2,12,2950.0,258,17363,0,5,8,4,9,0,13,4,0
3629,37,2.2,8,5443.5,1462,19106,0,3,11,2,4,0,18,2,0
9362,35,3.2,10,11234.4,200,19944,0,2,18,2,2,0,11,2,0
3229,25,2.4,7,5535.428571428572,949,4910,0,3,1,2,4,1,11,2,0
3578,26,3.0,8,5367.0,652,23577,0,7,7,7,0,0,12,7,0
7988,29,1.6,10,9585.6,332,9769,0,10,17,9,1,0,13,9,0
4284,49,1.6,20,2570.4,1475,22710,0,4,28,3,3,0,20,3,1
7553,29,2.8,9,10070.666666666666,337,22930,1,8,14,7,0,0,12,7,1
17328,54,3.4,29,7170.206896551724,971,5652,0,20,1,7,6,0,19,7,0
19701,58,2.8,32,7387.875,1055,22456,1,9,1,5,3,1,21,8,0
14732,55,3.6,31,5702.709677419355,1136,12414,0,7,1,0,2,2,13,7,0
9278,36,2.6,15,7422.4,1174,20763,1,5,3,1,3,0,16,4,0
1359,31,2.2,1,16308.0,667,16154,0,1,1,0,1,0,12,0,1
4779,30,2.6,8,7168.5,855,12761,0,3,7,2,7,2,14,2,0
16422,31,2.6,9,21896.0,182,8847,0,3,8,0,3,0,11,2,0
2996,34,2.8,10,3595.2,560,20284,0,4,1,3,5,2,14,3,0
1261,31,2.4,1,15132.0,202,22262,0,1,8,0,1,0,12,0,1
2099,27,2.4,6,4198.0,1377,7679,0,5,11,4,0,0,14,0,0
5810,36,2.4,10,6972.0,172,22604,0,10,4,8,1,0,16,4,0
5647,36,1.8,11,6160.363636363636,329,13494,0,3,16,2,4,2,13,2,0
3420,47,2.6,17,2414.1176470588234,465,10205,0,6,1,2,7,1,12,5,0
4400,25,1.6,6,8800.0,383,15182,0,3,9,2,3,0,12,2,1
3500,37,2.4,7,6000.0,1413,25470,0,6,5,3,0,0,14,5,0
2066,56,2.6,5,4958.4,1255,10494,0,3,1,0,2,1,22,2,0
17169,47,2.6,26,7924.153846153846,359,26703,0,20,2,6,3,2,19,17,0
4162,24,3.2,5,9988.8,1476,15211,1,5,4,3,1,2,12,4,0
9204,32,3.2,7,15778.285714285714,601,23343,0,4,7,3,4,1,12,3,0
3294,34,2.2,7,5646.857142857143,401,3708,0,5,1,2,5,1,17,4,0
2127,41,2.4,7,3646.285714285714,1283,5561,1,4,5,3,2,0,12,2,0
3975,40,3.2,11,4336.363636363636,663,23099,0,8,9,7,3,2,11,7,0
10793,31,2.4,13,9962.76923076923,326,8386,0,13,8,9,1,1,18,7,0
10096,46,2.6,28,4326.857142857143,377,15986,0,7,9,3,4,1,11,7,1
3646,39,2.0,11,3977.4545454545455,592,17181,1,1,2,0,2,0,23,0,1
7446,31,2.6,10,8935.2,1445,8931,0,10,1,7,1,0,11,8,1
10851,45,1.8,24,5425.5,1038,19863,1,7,20,7,2,1,18,7,0
2109,31,3.4,8,3163.5,1398,24609,0,3,8,2,9,0,18,2,0
3722,31,2.6,7,6380.571428571428,523,21081,1,2,2,2,6,1,13,2,1
9380,45,3.4,10,11256.0,1448,14720,1,3,29,2,4,2,18,1,0
5486,48,2.2,15,4388.8,1221,24795,0,2,7,2,4,3,11,2,0
2742,34,2.8,2,16452.0,1107,3072,0,2,9,2,1,0,15,2,1
13757,40,2.8,16,10317.75,218,25178,0,9,8,8,2,1,11,8,0
8463,28,3.0,6,16926.0,866,23490,0,5,5,3,0,0,18,4,0
3162,44,3.0,7,5420.571428571428,981,7973,0,5,5,3,3,0,14,2,0
16598,53,2.8,35,5690.742857142857,447,19764,0,9,2,8,4,0,12,8,0
6651,49,2.2,20,3990.6,1495,21534,0,3,5,2,2,1,14,2,0
2345,40,3.2,8,3517.5,896,8045,0,3,2,2,2,1,14,1,0
3420,44,2.8,6,6840.0,1467,21158,0,5,20,3,1,0,13,2,0
4373,33,2.4,5,10495.2,430,17456,0,4,7,3,0,2,14,3,0
4759,34,2.6,15,3807.2,1326,15891,0,13,3,12,3,0,18,9,0
5301,30,3.0,4,15903.0,1358,2939,0,2,16,2,8,2,15,1,0
3673,42,2.8,12,3673.0,748,16458,0,12,9,8,1,0,13,9,0
4768,44,2.4,11,5201.454545454545,383,9282,0,1,1,0,7,1,12,0,0
1274,30,2.6,1,15288.0,990,7152,0,1,7,0,1,2,13,0,0
4900,57,2.4,13,4523.076923076923,405,2721,0,12,1,8,0,1,24,9,0
10466,49,2.6,29,4330.758620689655,1490,20948,0,8,7,7,3,2,14,7,0
17007,34,2.4,16,12755.25,829,11929,0,14,15,9,7,2,14,8,0
2909,28,3.0,5,6981.6,1496,15747,0,3,1,2,3,1,15,2,1
5765,29,1.6,7,9882.857142857143,115,17485,0,5,13,0,5,0,11,3,1
4599,34,2.4,16,3449.25,790,7815,1,15,24,10,0,0,23,9,1
2404,35,2.8,1,28848.0,660,16192,0,1,7,0,1,1,13,0,0
3172,24,2.2,4,9516.0,381,16998,1,0,9,0,2,0,11,0,1
2033,24,3.0,1,24396.0,830,7103,0,1,13,0,1,1,13,0,0
10209,44,2.4,16,7656.75,1193,19719,1,2,2,2,5,0,18,2,0
8620,29,2.8,10,10344.0,1246,23757,0,10,19,4,1,2,14,7,0
2064,30,2.8,6,4128.0,330,15428,0,5,1,3,0,1,21,3,0
4035,55,3.0,4,12105.0,1229,16143,1,3,4,2,0,0,16,2,0
3838,33,2.4,8,5757.0,1099,8192,0,5,4,2,8,0,11,4,0
4591,47,2.8,11,5008.363636363636,571,24200,1,5,14,2,3,1,17,4,0
2561,28,2.2,8,3841.5,289,5355,0,0,2,0,7,0,11,0,1
1563,28,2.2,1,18756.0,1423,12530,0,1,1,0,1,1,14,0,0
4898,28,2.8,5,11755.2,467,11827,0,4,7,3,0,0,14,2,0
4789,49,2.0,10,5746.8,271,23070,0,3,3,2,4,1,25,2,0
3180,29,3.0,4,9540.0,410,4668,0,3,2,2,0,3,13,2,0
6549,28,2.0,8,9823.5,1083,3173,0,8,29,7,1,2,14,6,0
6388,33,2.8,14,5475.428571428572,516,22049,1,0,8,0,2,0,17,0,0
11244,32,3.2,10,13492.8,495,21072,0,5,10,0,2,0,25,2,0
16032,54,2.6,26,7399.384615384615,1050,24456,0,14,11,12,3,1,20,9,0
2362,29,1.6,11,2576.7272727272725,224,7568,0,9,1,7,6,0,13,7,1
16328,44,3.0,24,8164.0,136,22074,0,20,28,17,3,1,13,6,0
8376,39,2.8,9,11168.0,1089,9150,0,2,6,2,4,0,18,0,0
16606,46,3.2,23,8664.0,228,11380,0,13,3,1,8,1,12,12,0
8606,35,2.6,11,9388.363636363636,1029,21195,0,11,16,3,1,0,19,8,0
2272,23,2.4,5,5452.8,507,24812,0,4,20,2,0,0,14,3,0
2018,40,2.2,15,1614.4,676,21831,0,5,9,0,3,0,14,4,1
7083,34,3.2,10,8499.6,971,12288,1,10,1,6,1,0,14,9,0
4084,31,2.4,7,7001.142857142857,561,4156,0,7,3,7,1,0,12,2,1
14411,50,3.0,32,5404.125,333,24450,1,32,22,9,1,0,13,6,0
2308,34,2.6,12,2308.0,1440,4944,1,11,7,7,0,1,25,10,0
4841,42,2.4,4,14523.0,1210,24052,0,1,2,0,4,1,14,0,0
4285,37,2.4,10,5142.0,674,3031,0,10,13,7,1,0,17,8,0
9715,29,2.2,9,12953.333333333334,441,7288,0,7,8,7,3,1,13,7,0
4320,33,3.0,5,10368.0,575,24152,0,5,25,2,1,0,13,3,0
2132,45,3.6,8,3198.0,950,4585,0,5,28,3,4,1,20,4,0
10124,42,3.0,24,5062.0,288,18611,1,20,2,9,2,1,14,8,0
5473,40,2.6,9,7297.333333333333,1342,19345,0,8,9,1,0,0,12,4,0
5207,33,2.6,15,4165.6,589,22949,1,15,28,7,1,1,12,14,0
16437,40,3.4,21,9392.57142857143,898,17381,1,21,6,7,1,0,21,7,0
2296,24,2.2,2,13776.0,350,10036,0,1,21,0,0,3,14,1,0
4069,40,3.4,8,6103.5,1142,8841,1,2,8,2,3,0,18,2,0
7441,45,2.0,10,8929.2,538,20933,0,10,1,7,1,3,12,8,0
2430,35,2.2,6,4860.0,1402,26204,0,5,28,2,0,2,23,3,0
5878,32,2.4,12,5878.0,824,15624,0,7,5,5,3,1,12,1,0
2644,36,3.2,7,4532.571428571428,1157,17001,1,3,2,2,3,0,21,2,0
6439,48,3.0,18,4292.666666666667,492,13693,0,8,16,7,8,1,14,7,0
2451,29,2.6,5,5882.4,598,22376,0,1,9,0,6,2,18,0,0
6392,33,2.0,8,9588.0,1242,10589,0,2,8,2,2,1,13,2,0
9714,30,2.4,10,11656.8,740,5323,0,10,1,7,1,1,11,8,1
6077,38,3.0,10,7292.4,888,14814,0,6,10,2,3,0,11,3,0
2450,35,2.4,3,9800.0,992,21731,0,3,1,2,1,0,19,0,0
9250,30,2.6,9,12333.333333333334,1288,17799,0,4,29,3,3,1,12,2,0
2074,35,2.4,1,24888.0,104,26619,1,1,2,0,1,1,12,0,1
10169,53,2.8,34,3589.0588235294117,607,14618,0,33,2,9,0,1,16,7,1
4855,38,2.4,7,8322.857142857143,903,7653,0,5,2,4,4,2,11,2,1
4087,32,2.4,9,5449.333333333333,1200,25174,0,6,1,2,4,1,14,5,0
2367,48,2.6,10,2840.4,1108,16530,0,8,15,6,8,1,12,2,0
2972,34,2.4,1,35664.0,479,22061,0,1,7,0,1,0,13,0,0
19586,55,3.0,36,6528.666666666667,685,23037,0,36,26,13,1,1,21,6,0
5484,34,2.6,9,7312.0,1351,13008,0,2,1,1,9,1,17,2,0
2061,26,2.4,1,24732.0,474,11133,0,1,3,0,1,0,21,0,0
9924,38,3.0,10,11908.8,1245,12355,0,9,14,7,0,1,11,8,0
4198,38,2.6,8,6297.0,437,16379,0,3,16,2,2,0,12,2,0
6815,36,2.4,15,5452.0,884,21447,0,1,1,0,6,0,13,0,0
4723,29,2.6,10,5667.6,1370,16213,1,10,3,5,1,0,18,9,0
6142,35,2.6,10,7370.4,670,4223,1,5,10,4,3,0,16,2,0
8237,39,3.0,11,8985.818181818182,1462,4658,0,7,6,6,2,1,11,6,0
8853,29,3.2,6,17706.0,995,24483,0,6,2,3,1,1,19,4,0
19331,50,3.0,27,8591.555555555555,264,19519,1,1,9,0,4,1,16,0,0
2073,23,3.6,4,6219.0,977,12826,0,2,10,2,2,1,16,2,0
5562,36,2.6,9,7416.0,1302,19711,1,3,6,2,3,1,13,2,0
19613,42,3.4,24,9806.5,1059,26362,0,1,9,1,8,0,22,0,0
3407,35,3.0,10,4088.4,750,25348,0,10,28,8,1,2,17,9,0
5063,34,2.6,8,7594.5,653,15332,0,8,10,7,1,1,14,2,0
4639,40,2.8,5,11133.6,118,11262,0,5,14,2,1,1,15,4,0
4876,43,3.2,8,7314.0,990,5855,0,6,27,2,5,1,12,4,0
2690,35,3.0,1,32280.0,1349,7713,0,1,7,1,1,1,18,0,0
17567,46,2.4,27,7807.555555555556,563,3156,0,26,1,12,1,0,15,0,0
2408,28,2.8,1,28896.0,329,7324,1,1,24,0,1,3,17,1,1
2814,22,2.2,4,8442.0,457,10293,1,4,26,3,1,0,14,2,0
11245,50,2.8,32,4216.875,1234,20689,1,30,20,13,2,1,15,8,0
3312,32,3.4,6,6624.0,634,18783,0,3,5,2,3,2,17,2,0
19049,44,3.0,23,9938.608695652174,1313,3549,1,22,7,10,0,1,14,7,0
2141,30,2.0,6,4282.0,241,5348,0,6,7,1,1,1,12,4,0
5769,45,1.8,10,6922.8,1015,23447,1,10,5,4,1,0,14,7,0
4385,45,1.6,10,5262.0,336,24162,0,10,26,5,1,1,15,7,0
5332,31,3.0,10,6398.4,715,21602,0,5,2,3,7,0,13,2,0
4663,36,2.8,7,7993.714285714285,559,12421,1,3,12,1,9,2,12,2,0
4724,34,3.0,9,6298.666666666667,426,17000,0,9,10,2,1,1,13,7,0
3211,49,2.6,10,3853.2,722,22102,0,9,25,4,1,1,14,6,0
5377,39,2.6,10,6452.4,1387,3835,0,7,10,7,2,3,13,7,0
4066,27,2.2,7,6970.285714285715,1302,16290,0,7,19,7,1,2,11,7,0
5208,35,2.8,16,3906.0,819,26312,0,16,18,10,1,0,11,15,0
4877,28,1.6,6,9754.0,580,20460,0,5,27,0,0,1,21,3,0
3117,21,3.2,3,12468.0,546,26009,0,2,5,2,1,0,18,2,0
1569,18,3.2,0,7213.333333333333,544,18420,1,0,3,0,1,0,12,0,1
19658,47,3.2,27,8736.888888888889,1176,5220,0,5,26,0,3,1,11,2,0
3069,39,3.0,11,3348.0,170,10302,0,10,3,7,0,1,15,8,0
10435,40,2.6,18,6956.666666666667,884,25800,0,18,15,12,1,2,13,15,0
4148,35,3.2,15,3318.4,208,12250,0,14,8,9,1,1,12,11,0
5768,37,2.4,9,7690.666666666667,671,26493,0,4,19,2,3,3,17,3,0
5042,39,2.4,10,6050.4,711,3140,0,9,4,8,0,0,13,2,0
5770,45,2.8,10,6924.0,1329,5388,0,10,2,9,1,2,19,7,0
7756,38,3.4,10,9307.2,397,14199,1,5,2,2,3,1,19,4,0
10306,35,2.6,15,8244.8,737,21530,0,13,10,0,9,0,17,12,1
3936,37,1.8,8,5904.0,1470,9953,0,8,10,7,1,1,11,4,0
7945,40,3.2,18,5296.666666666667,448,19948,1,4,16,3,6,0,15,2,0
5743,44,2.8,14,4922.571428571428,602,10503,1,10,1,2,4,0,11,7,0
15202,48,2.8,23,7931.478260869565,365,5602,0,2,4,2,2,1,25,2,0
5440,35,2.4,7,9325.714285714286,763,22098,1,2,15,2,6,2,14,2,1
3760,24,2.8,6,7520.0,567,17218,1,6,2,3,1,0,13,3,0
3517,27,2.6,5,8440.8,486,22490,0,3,8,2,7,0,17,2,0
2580,27,3.2,6,5160.0,591,6297,0,4,2,2,2,0,13,2,0
2166,40,1.6,10,2599.2,1329,3339,1,4,7,3,3,0,14,2,1
5869,29,2.8,8,8803.5,469,23413,0,5,10,4,9,0,11,2,0
8008,36,2.4,9,10677.333333333334,711,22792,0,3,5,2,4,2,12,2,0
5206,25,3.4,7,8924.57142857143,772,4973,0,7,2,7,1,2,17,7,0
5295,39,3.0,7,9077.142857142857,492,7693,0,5,12,0,4,0,21,4,0
16413,49,2.2,27,7294.666666666667,301,3498,0,4,22,2,3,2,16,2,0
13269,50,2.6,19,8380.421052631578,813,21981,0,14,17,11,5,3,15,11,0
2783,20,2.6,2,16698.0,1141,13251,0,2,2,2,1,0,19,2,0
5433,34,3.0,11,5926.909090909091,1130,19332,0,11,3,9,1,1,12,8,0
2013,36,2.4,15,1610.4,311,10950,0,4,7,3,2,0,11,3,0
13966,49,2.6,30,5586.4,465,11652,1,15,6,12,2,1,19,11,0
4374,36,3.0,4,13122.0,894,15411,0,3,1,2,0,0,15,2,0
6842,36,2.6,13,6315.692307692308,1040,26308,0,5,3,4,6,1,20,4,0
17426,54,2.8,36,5808.666666666667,584,18685,0,10,22,7,3,1,25,8,0
17603,43,2.4,14,15088.285714285714,1291,3525,0,14,15,11,1,1,24,10,0
4581,35,3.2,13,4228.615384615385,880,10414,1,11,12,7,3,0,24,9,1
4735,38,3.8,19,2990.5263157894738,1189,9867,0,13,1,9,7,2,15,11,0
4187,29,1.8,10,5024.4,991,3356,1,10,5,9,1,1,13,0,0
5505,33,3.4,6,11010.0,392,3921,0,6,2,4,1,2,14,2,0
5470,32,2.8,10,6564.0,977,25518,0,9,2,6,0,2,13,5,0
5476,31,2.4,10,6571.2,1112,22589,0,10,5,2,1,2,11,0,0
2587,49,2.4,17,1826.1176470588234,464,24941,1,2,16,2,4,1,16,2,0
2440,38,2.6,4,7320.0,148,23826,0,4,2,3,1,0,22,3,0
15972,47,2.8,29,6609.103448275862,1225,21086,0,3,2,2,6,3,14,2,0
15379,49,2.6,23,8023.826086956522,809,22384,0,8,1,0,4,0,14,7,0
7082,41,3.4,21,4046.8571428571427,1206,11591,1,2,23,2,3,0,16,0,0
2728,20,2.4,2,16368.0,727,21082,0,2,9,2,1,0,11,2,0
5368,33,3.2,7,9202.285714285714,530,16130,1,6,16,2,1,1,25,5,0
5347,36,2.2,10,6416.4,1351,7419,0,3,26,2,6,2,14,2,0
3195,44,2.8,8,4792.5,528,4167,1,2,1,2,4,3,18,2,0
3989,23,2.6,5,9573.6,1320,20586,1,5,8,2,1,0,11,4,1
3306,38,3.2,7,5667.428571428572,1495,26176,0,0,4,0,7,1,19,0,0
7005,53,3.2,11,7641.818181818182,1395,3458,0,4,24,2,3,0,15,3,0
2655,48,3.2,19,1676.842105263158,708,11740,1,9,7,7,2,2,11,7,1
1393,32,2.6,1,16716.0,1259,24852,0,1,2,0,1,0,12,0,1
2570,26,3.4,7,4405.714285714285,786,11925,0,7,7,7,1,0,20,7,0
3537,55,2.4,8,5305.5,1441,23737,0,4,22,2,5,1,12,2,0
3986,34,3.0,15,3188.8,1157,11912,0,15,5,13,1,1,14,10,0
10883,60,3.0,19,6873.473684210527,370,20467,0,1,1,0,3,1,20,0,0
2028,33,3.0,14,1738.2857142857142,267,13637,0,14,21,13,1,3,18,11,0
9525,37,2.6,6,19050.0,1278,7677,0,6,1,3,1,2,14,3,0
2929,34,2.6,10,3514.8,678,20338,0,10,19,7,1,0,12,9,0
2275,23,3.0,3,9100.0,427,25103,1,3,7,2,1,1,21,2,1
7879,44,3.2,9,10505.333333333334,921,14810,1,8,2,7,1,1,19,7,0
4930,35,2.8,6,9860.0,146,13970,1,5,2,4,0,0,14,4,0
7847,43,3.0,10,9416.4,1179,6069,1,10,2,8,1,1,17,9,0
4401,24,3.4,5,10562.4,581,17616,0,5,9,4,1,1,16,3,0
9241,41,3.0,10,11089.2,918,15869,0,10,6,7,1,0,12,8,0
2974,29,3.2,9,3965.3333333333335,1082,25412,0,5,9,2,9,1,17,3,0
4502,36,3.0,17,3177.8823529411766,530,7439,0,13,2,7,3,0,15,7,0
10748,45,2.8,25,5159.04,1238,3395,0,23,1,4,3,1,23,15,0
1555,24,2.8,1,18660.0,240,11585,0,1,22,0,1,1,11,0,1
12936,47,2.2,25,6209.28,1093,24164,0,23,9,10,7,0,11,5,1
2305,26,3.0,3,9220.0,390,6217,0,3,17,2,1,3,15,2,0
16704,45,2.8,21,9545.142857142857,1005,17119,0,21,28,6,1,0,11,6,0
3433,32,2.0,10,4119.6,585,17360,0,5,10,3,6,1,13,2,0
3477,31,3.2,6,6954.0,741,18103,0,5,2,3,1,1,14,2,0
6430,41,2.2,10,7716.0,552,20794,0,3,4,2,6,1,19,2,0
6516,40,2.2,18,4344.0,369,5041,1,1,8,0,2,1,16,0,0
3907,24,2.4,6,7814.0,506,3622,0,6,29,2,1,3,13,2,0
5562,46,3.0,19,3512.842105263158,717,9697,0,10,13,9,6,0,14,7,0
6883,35,3.0,17,4858.588235294118,1370,5151,0,7,27,7,2,1,16,7,0
2862,30,2.6,10,3434.4,793,3811,0,10,16,8,1,1,12,0,0
4978,47,2.6,4,14934.0,543,3536,0,1,2,0,7,1,11,0,0
10368,46,2.8,13,9570.461538461539,1277,5596,1,10,2,3,4,1,12,6,0
6134,36,2.0,16,4600.5,1456,8658,1,2,13,2,5,3,13,2,1
6735,32,1.8,10,8082.0,964,12147,0,0,1,0,6,0,15,0,1
3295,23,2.4,3,13180.0,160,12862,0,3,4,2,1,0,13,2,0
5238,31,3.4,9,6984.0,163,6670,0,5,24,4,2,0,20,4,0
6472,39,3.6,9,8629.333333333334,792,8989,1,9,1,8,1,1,15,8,0
9610,32,2.4,10,11532.0,371,3840,0,4,19,2,3,1,13,3,0
19833,40,2.2,21,11333.142857142857,611,4349,0,21,7,8,1,0,14,8,0
9756,45,2.8,9,13008.0,176,6595,0,5,4,3,4,2,21,0,0
4968,30,2.8,10,5961.6,1312,26427,0,9,2,7,0,0,16,7,0
2145,24,3.0,3,8580.0,897,2097,0,2,10,1,0,1,14,2,0
2180,30,2.8,6,4360.0,600,9732,0,4,8,2,6,1,11,2,1
8346,31,2.6,6,16692.0,1003,20943,0,5,5,2,1,1,19,2,0
3445,27,3.0,6,6890.0,1054,6152,0,6,8,4,1,0,11,2,0
2760,29,2.2,2,16560.0,428,14630,0,2,9,2,1,0,13,2,1
6294,29,3.8,10,7552.8,461,23060,1,3,1,2,8,0,12,2,0
7140,30,2.0,12,7140.0,979,3088,0,7,15,7,2,1,11,7,0
2932,34,3.2,6,5864.0,181,5586,1,5,2,2,0,3,14,0,0
5147,33,3.0,13,4751.076923076923,1283,10697,0,11,2,7,8,0,15,7,0
4507,49,3.6,8,6760.5,1313,8191,0,5,11,4,3,0,12,1,0
8564,33,2.0,11,9342.545454545454,211,10092,1,0,16,0,2,0,20,0,1
2468,38,2.2,9,3290.6666666666665,594,15963,0,6,2,5,4,1,14,1,0
8161,31,2.2,10,9793.2,1079,19002,0,1,16,0,2,3,13,0,1
2109,29,2.6,1,25308.0,590,10007,0,1,4,0,1,1,13,0,0
5294,30,3.2,10,6352.8,305,9128,0,7,16,7,3,1,16,0,0
2718,32,2.4,12,2718.0,953,17674,0,7,5,7,2,0,14,7,0
5811,38,2.6,15,4648.8,833,24539,1,1,18,0,3,1,16,0,0
2437,43,3.0,6,4874.0,807,15587,1,1,17,0,9,1,16,0,1
2766,42,2.2,7,4741.714285714285,855,8952,0,5,12,4,8,3,22,3,0
19038,55,2.2,34,6719.294117647059,478,19805,0,1,2,0,8,3,12,0,0
3055,33,3.0,11,3332.7272727272725,775,6194,0,9,4,7,5,2,15,8,0
2289,41,2.4,5,5493.6,548,20520,0,5,9,4,1,2,20,3,0
4001,34,3.2,15,3200.8,1375,12313,1,15,10,7,1,1,14,14,0
12965,53,2.4,27,5762.222222222223,661,22308,1,3,1,2,4,3,20,2,0
3539,43,2.8,10,4246.8,244,5033,0,9,2,8,0,0,13,7,0
6029,34,2.6,6,12058.0,511,25353,0,2,3,2,5,0,12,2,0
2679,21,2.4,1,32148.0,337,4567,0,1,7,0,1,0,13,0,1
3702,38,2.8,5,8884.8,1153,16376,0,5,6,4,1,1,11,4,0
2398,22,2.6,1,28776.0,1294,15999,1,1,8,0,1,0,17,0,1
5468,31,2.2,13,5047.384615384615,196,13402,0,12,29,7,1,2,14,7,0
13116,51,2.8,15,10492.8,942,22984,0,2,3,2,2,0,11,2,0
4189,37,2.0,5,10053.6,589,8800,0,5,9,3,1,2,14,2,0
19328,46,3.2,24,9664.0,734,14218,1,2,2,2,7,1,17,1,0
8321,36,3.0,15,6656.8,1383,25949,1,12,10,7,7,1,13,8,0
2342,44,2.6,6,4684.0,429,11092,1,5,1,3,1,3,12,3,1
4071,37,2.6,19,2571.157894736842,1239,12832,0,10,8,7,2,0,13,0,0
5813,35,3.4,10,6975.6,303,13492,1,10,27,7,1,0,18,7,1
3143,33,2.8,14,2694.0,867,6076,0,10,8,6,6,1,19,8,0
2044,28,3.4,5,4905.6,1181,5531,0,5,1,3,1,1,11,3,0
13464,39,3.0,9,17952.0,1253,7914,0,4,10,2,7,0,21,3,0
7991,46,2.4,6,15982.0,849,25166,0,2,26,2,8,0,15,2,0
3377,40,2.6,7,5789.142857142857,616,25605,0,4,2,2,4,1,17,3,0
5538,42,2.4,10,6645.6,1128,5696,0,0,13,0,5,2,18,0,0
5762,35,3.0,15,4609.6,1180,24442,0,7,2,7,2,1,14,7,0
2592,38,2.6,13,2392.6153846153848,1336,7129,0,11,2,8,5,3,13,10,0
5346,34,2.6,11,5832.0,234,6208,0,7,9,7,4,1,17,1,1
4213,37,2.2,10,5055.6,370,4992,0,10,10,8,1,0,15,3,1
4127,39,3.4,7,7074.857142857143,766,19188,0,2,20,2,2,1,18,1,0
2438,43,2.4,7,4179.428571428572,343,24978,0,3,9,2,4,0,13,2,0
6870,41,2.0,11,7494.545454545455,447,15530,0,3,5,2,3,0,12,2,0
10447,41,3.4,23,5450.608695652174,796,26458,1,22,4,5,0,1,13,14,0
9667,30,2.4,9,12889.333333333334,1092,2739,0,7,10,2,9,0,14,7,0
2148,26,3.0,6,4296.0,920,6889,1,5,20,4,0,0,11,1,1
8926,46,3.4,13,8239.384615384615,261,10842,0,9,21,7,4,1,22,7,1
6513,40,3.4,12,6513.0,1194,9060,0,5,1,3,4,1,17,3,0
6799,34,3.0,10,8158.8,810,22128,0,10,8,8,1,2,21,8,0
16291,58,2.6,37,5283.5675675675675,350,22577,0,16,2,14,4,1,22,9,0
2705,35,2.4,6,5410.0,185,9696,0,5,23,3,0,1,16,4,0
10333,47,2.6,28,4428.428571428572,1001,19271,1,22,4,10,8,1,12,11,0
4448,40,2.2,15,3558.4,750,10748,0,7,12,7,2,1,12,4,0
6854,54,3.0,14,5874.857142857143,431,15696,0,7,7,7,4,1,15,1,0
9637,31,2.4,9,12849.333333333334,1125,8277,0,3,7,2,2,2,14,2,0
3591,28,2.6,3,14364.0,1217,12719,0,3,1,2,1,1,25,2,0
5405,38,2.0,20,3243.0,723,4244,1,4,2,3,2,2,20,2,0
4684,26,2.8,5,11241.6,572,9125,0,5,10,2,1,0,13,3,0
15787,58,2.4,23,8236.695652173914,1216,21624,1,2,15,2,2,0,14,2,0
1514,18,2.4,0,7213.333333333333,1431,8018,0,0,14,0,1,0,16,0,0
2956,31,3.0,2,17736.0,359,21495,0,1,18,0,0,0,17,0,1
2335,29,2.2,4,7005.0,350,3157,1,2,13,0,4,3,15,2,1
5154,45,3.0,10,6184.8,589,19665,0,8,2,7,4,2,22,7,0
6962,36,3.2,15,5569.6,430,19573,1,1,2,0,4,1,22,0,0
5675,43,2.8,7,9728.57142857143,1422,19246,0,7,2,7,1,1,20,7,0
2379,27,3.2,6,4758.0,1297,19826,1,5,5,2,0,0,14,4,0
3812,29,3.4,11,4158.545454545455,574,7003,0,11,20,10,1,0,13,8,0
4648,32,3.6,4,13944.0,1318,26075,0,0,10,0,8,0,13,0,0
2936,42,2.6,10,3523.2,355,6161,0,6,10,3,3,2,22,3,0
2105,47,2.8,7,3608.5714285714284,207,5411,0,2,9,0,4,0,12,2,0
8578,46,3.2,12,8578.0,706,19989,0,9,2,7,3,1,14,8,0
2706,28,3.0,3,10824.0,280,10494,0,3,1,2,1,1,15,2,0
6384,29,3.0,11,6964.363636363636,726,21143,0,7,29,6,8,2,17,0,0
3968,42,3.4,8,5952.0,1142,13624,0,0,8,0,4,0,13,0,0
9907,32,2.4,7,16983.428571428572,414,26186,1,2,2,2,7,0,12,2,1
13225,46,2.6,25,6348.0,1319,7739,0,19,3,8,2,1,12,17,0
3540,27,2.8,9,4720.0,728,7018,0,9,23,8,1,1,21,8,0
2804,29,3.0,1,33648.0,352,15434,0,1,6,0,1,0,11,0,0
19392,43,2.6,21,11081.142857142857,823,22539,0,16,6,14,7,0,13,12,0
19665,48,3.0,29,8137.241379310345,1224,13583,0,22,10,9,4,0,12,10,0
2439,29,2.8,1,29268.0,459,14753,1,1,24,0,1,0,24,0,1
7314,46,2.8,14,6269.142857142857,1254,14011,0,8,10,7,5,3,21,7,1
4774,27,2.6,8,7161.0,1131,23844,0,7,15,3,0,1,19,6,0
3902,39,3.2,7,6689.142857142857,835,5141,0,2,19,2,8,3,14,2,0
2662,55,2.8,19,1681.2631578947369,836,7975,0,5,2,4,8,1,20,2,0
2856,28,2.8,1,34272.0,1172,3692,0,1,3,0,1,1,19,0,0
1081,30,2.8,1,12972.0,945,16019,0,1,9,0,1,0,13,0,1
2472,22,2.6,1,29664.0,391,26092,1,1,7,0,1,0,23,0,1
5673,36,2.2,10,6807.6,1266,6060,1,10,10,7,1,1,13,9,0
4197,31,2.4,10,5036.4,311,18624,0,10,20,2,1,1,11,8,0
9713,34,3.4,9,12950.666666666666,1480,24444,1,5,4,0,2,3,13,3,0
2062,29,2.6,11,2249.4545454545455,592,19384,0,3,7,2,3,0,14,2,0
4284,37,2.8,16,3213.0,783,13588,1,5,7,4,5,1,22,3,0
4788,35,3.0,4,14364.0,219,25388,1,3,16,2,0,0,11,2,0
5906,45,2.8,10,7087.2,556,23888,0,9,25,8,0,2,13,8,0
3886,36,2.8,10,4663.2,1213,4223,0,10,2,8,1,0,21,1,0
16823,40,1.8,22,9176.181818181818,1137,18991,0,19,1,16,2,1,11,7,0
2933,26,2.4,1,35196.0,482,14908,1,1,1,0,1,1,13,0,0
6500,27,2.4,9,8666.666666666666,511,26997,0,8,2,7,0,0,14,7,0
17174,48,3.2,24,8587.0,117,2437,0,22,22,7,3,1,11,17,0
5033,44,2.8,10,6039.6,170,9364,0,2,1,2,2,1,15,0,0
2307,34,2.2,5,5536.8,967,14460,1,5,16,0,1,1,23,2,1
2587,56,3.0,5,6208.8,1162,10261,0,4,24,0,1,0,16,2,1
5507,36,2.2,12,5507.0,335,16822,0,4,17,3,2,2,16,2,0
4393,41,2.8,14,3765.4285714285716,337,26841,0,5,8,4,5,1,21,4,0
13348,42,2.6,18,8898.666666666666,1396,14842,0,13,6,7,9,1,13,7,0
6583,31,3.4,8,9874.5,1079,20115,1,5,10,4,2,1,11,2,0
8103,34,3.0,9,10804.0,735,16495,1,4,3,1,3,0,12,2,0
3978,31,2.4,4,11934.0,471,16031,0,2,4,2,8,1,12,2,0
2544,26,3.0,8,3816.0,1096,7102,0,7,6,7,0,1,18,7,0
5399,45,2.8,12,5399.0,1297,14511,0,4,1,3,4,0,12,2,0
5487,33,2.4,10,6584.4,217,10410,0,10,10,9,1,0,14,4,0
6834,28,3.0,7,11715.42857142857,783,19255,1,7,1,7,1,1,12,7,0
1091,29,3.0,1,13092.0,746,10642,0,1,24,0,1,0,17,0,1
5736,39,2.2,10,6883.2,1251,3987,0,3,21,2,6,1,19,2,0
2226,27,2.4,6,4452.0,1354,6073,0,5,2,2,1,1,11,3,0
5747,34,2.8,16,4310.25,735,26496,1,15,22,11,1,0,15,10,0
9854,28,3.4,6,19708.0,1475,23352,1,2,13,2,3,0,11,0,1
5467,47,3.0,16,4100.25,1169,2125,0,8,14,7,8,1,18,7,0
5380,56,2.6,6,10760.0,1443,20328,0,0,11,0,4,1,16,0,0
5151,39,2.4,10,6181.2,867,12315,0,10,9,9,1,1,25,0,0
2133,38,2.8,20,1279.8,1394,18115,1,20,8,7,1,1,16,11,0
17875,58,3.2,29,7396.551724137931,605,11761,1,1,21,0,4,1,13,0,0
2432,32,2.4,8,3648.0,238,15318,1,4,5,3,3,0,14,1,1
4771,38,3.4,10,5725.2,1206,14293,0,5,9,3,2,2,19,2,0
19161,49,3.2,28,8211.857142857143,1064,13738,0,5,2,3,3,0,15,4,0
5087,42,3.0,14,4360.285714285715,419,2900,1,0,12,0,3,2,12,0,0
2863,27,1.8,1,34356.0,1337,19555,0,1,22,0,1,0,12,0,1
5561,35,2.2,6,11122.0,682,15975,0,5,18,4,0,1,16,3,0
2144,28,2.8,5,5145.6,1103,2122,0,5,16,4,1,0,14,3,0
3065,31,3.0,4,9195.0,976,3995,1,4,3,3,1,1,13,2,0
2810,36,2.4,5,6744.0,1351,9238,0,5,9,2,1,0,22,4,0
9888,34,2.2,14,8475.42857142857,937,6770,0,14,1,1,1,0,21,8,0
8628,34,3.0,9,11504.0,1239,22914,0,8,13,1,1,1,18,7,0
2867,26,2.6,8,4300.5,157,20006,0,7,1,6,0,0,13,7,0
5373,29,1.6,6,10746.0,136,6225,0,5,1,2,0,1,12,3,0
6667,32,3.0,9,8889.333333333334,1146,16542,0,5,15,2,5,1,18,1,0
5003,31,2.2,10,6003.6,1125,5771,0,10,1,7,1,0,21,8,0
2367,28,2.4,6,4734.0,1404,18779,0,4,17,3,5,1,12,1,1
2858,38,1.4,20,1714.8,1404,11473,0,1,1,0,4,0,14,0,0
5204,35,3.4,10,6244.8,1224,13586,1,10,7,9,1,0,11,8,0
4105,27,3.0,7,7037.142857142857,954,5099,0,7,9,7,1,0,14,7,0
9679,32,3.0,8,14518.5,1373,10138,0,1,5,0,8,0,24,0,0
5617,31,2.8,10,6740.4,754,21075,1,10,26,8,1,0,11,7,1
10448,53,1.8,15,8358.4,1168,5843,1,2,24,2,6,0,13,2,1
2897,54,2.4,9,3862.6666666666665,155,22474,0,4,9,3,3,2,11,3,0
5968,33,3.2,9,7957.333333333333,1303,18079,0,9,7,8,1,3,20,7,0
7510,43,2.4,10,9012.0,574,16873,0,10,11,9,1,1,17,9,0
2991,38,2.8,7,5127.428571428572,1444,5224,1,6,1,2,0,1,11,2,0
19636,55,2.6,35,6732.342857142857,189,25811,1,10,26,4,4,1,18,9,0
1129,31,3.0,1,13548.0,1276,17536,1,1,2,0,1,3,11,0,0
13341,39,2.0,21,7623.428571428572,119,25098,0,20,15,10,0,0,12,8,0
4332,42,3.2,20,2599.2,335,14811,0,20,23,7,1,0,12,9,0
11031,31,3.2,13,10182.461538461539,697,26862,0,11,10,8,4,1,20,7,0
4440,54,2.8,9,5920.0,157,25198,1,5,10,4,6,0,19,2,0
4617,24,2.2,4,13851.0,771,14120,0,4,1,2,1,0,12,3,0
2647,23,3.6,5,6352.8,571,13672,0,5,12,4,1,0,13,2,0
6323,40,3.0,10,7587.6,692,26849,0,10,11,4,1,1,11,9,0
5677,40,2.6,15,4541.6,444,4258,0,11,2,10,3,1,14,8,0
2187,25,2.8,6,4374.0,309,19655,0,2,2,2,4,0,14,0,0
3748,30,2.8,12,3748.0,911,4077,0,12,1,7,1,0,13,8,0
3977,25,3.0,7,6817.714285714285,977,7298,1,2,2,2,6,1,19,2,0
8633,47,2.4,25,4143.84,1180,13084,0,17,25,11,2,0,23,14,0
2008,33,2.4,1,24096.0,1313,20439,0,1,1,0,1,3,12,1,0
4440,38,2.6,16,3330.0,1321,7636,0,15,1,8,0,2,15,13,0
3067,31,2.6,3,12268.0,1154,6393,0,2,2,2,0,1,19,2,0
5321,38,2.6,10,6385.2,508,14284,0,8,6,7,2,1,11,3,0
5410,42,2.6,9,7213.333333333333,557,11189,1,4,18,2,6,1,17,3,0
2782,41,3.0,12,2782.0,642,21412,0,5,1,0,3,1,22,3,0
11957,47,2.0,14,10248.857142857143,1162,17231,0,13,1,12,0,2,18,8,0
2660,35,3.2,5,6384.0,1490,20232,1,2,11,2,7,1,11,2,0
3375,22,3.6,4,10125.0,581,17624,0,3,1,2,0,0,12,2,0
5098,35,2.6,10,6117.6,1395,18698,0,10,9,8,1,0,19,7,0
4878,33,2.6,10,5853.6,501,21653,1,9,15,1,0,1,13,7,0
2837,32,2.6,6,5674.0,267,15919,0,6,29,1,1,0,13,2,0
2406,40,2.6,8,3609.0,543,4060,0,1,1,0,8,2,19,0,0
2269,32,2.2,3,9076.0,234,18024,0,2,1,2,0,1,14,2,0
4108,39,2.4,18,2738.6666666666665,116,5340,0,7,24,7,7,0,13,7,0
13206,38,2.0,20,7923.6,201,3376,0,18,10,11,3,1,12,16,0
10422,32,3.2,14,8933.142857142857,801,24032,0,14,1,7,1,2,19,10,0
13744,37,3.0,16,10308.0,161,15471,1,16,10,8,1,1,25,11,0
4907,25,2.2,6,9814.0,1382,13684,1,5,8,4,0,1,22,3,0
3482,52,2.4,16,2611.5,585,19788,0,9,29,0,2,2,15,8,0
2436,44,3.0,6,4872.0,1037,13422,1,4,1,2,6,0,12,3,0
2380,21,2.8,2,14280.0,501,25479,1,2,5,2,1,0,11,2,0
19431,39,3.2,21,11103.42857142857,105,15302,0,6,9,3,2,0,13,0,0
1790,23,2.2,1,21480.0,638,26956,0,1,9,0,1,1,19,0,1
7644,36,2.6,10,9172.8,557,12695,0,9,3,4,0,2,19,7,0
5131,36,2.8,18,3420.6666666666665,688,9192,0,4,4,2,7,3,13,2,0
6306,56,2.4,13,5820.923076923077,667,26236,0,13,1,9,1,1,21,12,0
4787,29,2.8,4,14361.0,1092,26124,1,2,1,2,9,3,14,2,1
18880,42,2.0,24,9440.0,300,17312,0,22,2,14,5,0,11,6,0
2339,56,3.0,14,2004.857142857143,310,3666,0,10,7,8,8,1,11,9,1
13570,41,2.2,21,7754.285714285715,582,5640,0,20,28,10,0,1,23,7,0
6712,34,3.2,8,10068.0,704,8978,0,8,28,7,1,2,21,7,0
5406,36,2.4,15,4324.8,301,10436,0,15,15,11,1,1,24,12,0
8938,41,2.6,14,7661.142857142857,930,12227,0,5,3,4,2,1,11,4,0
2439,32,3.0,4,7317.0,529,11288,0,4,2,2,1,0,14,2,0
8837,35,3.2,9,11782.666666666666,1146,16642,1,9,26,7,1,0,16,0,0
5343,38,2.8,10,6411.6,345,5982,0,10,10,9,1,1,11,7,0
6728,50,3.0,12,6728.0,878,14255,0,6,1,1,7,2,12,3,1
6652,36,2.2,8,9978.0,1120,14369,0,6,11,0,4,1,13,3,0
4850,45,3.2,8,7275.0,374,23333,0,5,20,1,8,0,15,3,0
2809,40,3.0,8,4213.5,1322,2725,0,2,2,2,2,0,14,2,0
5689,35,3.4,10,6826.8,1199,24594,1,10,18,2,1,2,14,2,0
2001,40,2.8,20,1200.6,1194,12549,0,5,2,2,2,3,14,3,0
2977,35,3.0,4,8931.0,287,8952,0,4,1,1,1,1,12,3,0
4025,29,2.4,10,4830.0,1378,23679,1,4,13,3,4,1,13,3,0
3785,29,2.0,5,9084.0,468,8489,0,5,28,4,1,0,14,4,0
10854,50,2.4,20,6512.4,410,16586,1,3,28,0,4,1,13,2,1
12031,39,2.2,21,6874.857142857143,722,8828,0,20,24,6,0,1,11,9,0
9936,31,2.2,10,11923.2,325,3787,0,9,5,7,0,0,19,4,0
2966,26,3.2,5,7118.4,1167,21378,0,4,5,0,0,0,18,2,0
2571,36,3.4,17,1814.8235294117646,884,12290,0,5,23,3,4,1,17,2,0
9991,39,2.2,9,13321.333333333334,613,21457,0,7,6,7,4,1,15,7,0
6142,27,2.6,6,12284.0,155,5174,1,6,4,3,1,1,20,2,0
5390,49,2.8,17,3804.705882352941,1023,13243,0,9,2,8,2,0,14,6,0
4404,34,2.8,6,8808.0,628,10228,0,4,8,2,2,0,12,3,0
